Kind,Sheet,Row,Description,HondaPartNumber,Macola,FGAssemblyName,Qty,ResolvedParent,ResolvedChild,ResolvedVia,Outcome,Note
Macola,SUPPLY PARTS,14,,96211-09000,439,,,,,part-number,MATCHED,
Macola,SUPPLY PARTS,17,,90004PE2 0050,390,,,,,part-number,MATCHED,
Macola,SUPPLY PARTS,26,,146315GO A000,619,,,,,part-number,MATCHED,O/0 fold
Macola,SUPPLY PARTS,27,,146325GO A000,620,,,,,part-number,MATCHED,O/0 fold
Macola,SUPPLY PARTS,28,,146335GO A000,621,,,,,part-number,MATCHED,O/0 fold
Macola,SUPPLY PARTS,29,,146345GO A000,622,,,,,part-number,MATCHED,O/0 fold
Macola,SUPPLY PARTS,34,,11221-64AA-A010,911,,,,,part-number,MATCHED,
Macola,SUPPLY PARTS,36,,95701-06020-08,914,,,,,part-number,MATCHED,
Macola,SUPPLY PARTS,39,,94301-08140,308,,,,,part-number,MATCHED,
Macola,SUPPLY PARTS,46,,94301-12160,310,,,,,part-number,MATCHED,
Macola,SUPPLY PARTS,57,,90009-R70-A000,433,,,,,part-number,MATCHED,
Macola,SUPPLY PARTS,76,,94109-14000,327,,,,,part-number,MATCHED,
Macola,SUPPLY PARTS,94,,92900-06014-1B,355,,,,,part-number,MATCHED,
Macola,SUPPLY PARTS,96,,19517-PD6-3000,356,,,,,part-number,MATCHED,
Macola,SUPPLY PARTS,99,,90015-PH1-0130,363,,,,,part-number,MATCHED,
Macola,SUPPLY PARTS,115,,94301-08100,366,,,,,part-number,MATCHED,
Macola,SUPPLY PARTS,123,,94301-10120,388,,,,,part-number,MATCHED,
Macola,SUPPLY PARTS,139,,15123-PCX-0030-H1,434,,,,,part-number,MATCHED,
Macola,SUPPLY PARTS,145,,90701-5GO -A000,610,,,,,part-number,MATCHED,
Macola,SUPPLY PARTS,150,,92900-06050-0B,900,,,,,part-number,MATCHED,
Macola,SUPPLY PARTS,152,,19305-5K0-A000,916,,,,,part-number,MATCHED,
Macola,SUPPLY PARTS,153,,91302-RZP-0000,922,,,,,part-number,MATCHED,
Macola,ALUMINUM,2,ADC12 ALUMINUM,ADC12,300,ASTEMO CASE AND COVER,,,,,HELD-BACK,Raw Material Tracking is FUTURE (Scope Matrix row 21); SQL emitted commented out
Macola,ALUMINUM,4,HD2BS ALUMINUM,HD2BS,301,ALL PARTS (EXCEPT ASTEMO HOUSING BASE HOLSET),,,,,HELD-BACK,Raw Material Tracking is FUTURE (Scope Matrix row 21); SQL emitted commented out
Macola,ALUMINUM,6,HD2G ALUMINUM,HD2G,303,TK8 / SZA / HOLSET,,,,,HELD-BACK,Raw Material Tracking is FUTURE (Scope Matrix row 21); SQL emitted commented out
Macola,ALUMINUM,8,NH41 ALUMINUM,NH41,304,ASTEMO INNER HOUSING,,,,,HELD-BACK,Raw Material Tracking is FUTURE (Scope Matrix row 21); SQL emitted commented out
Macola,SUPPLY PARTS,2,ENGINE COOLER,15500-RPY-G010-M4,444,,1,,,,UNMATCHED,Honda Part# has no catalog counterpart
Macola,SUPPLY PARTS,3,6 X 16 FLANGE BOLT,95701-06016-08,443,,5,,,,UNMATCHED,Honda Part# has no catalog counterpart
Macola,SUPPLY PARTS,4,BAFFLE PLATE,11221-59B-0000,357,,1,,,,UNMATCHED,Honda Part# has no catalog counterpart
Macola,SUPPLY PARTS,6,BAFFLE PLATE,11221-5R0-0000,904,,1,,,,UNMATCHED,Honda Part# has no catalog counterpart
Macola,SUPPLY PARTS,7,PLATE DIFF LUBE,22792-5MX-A000,901,,1,,,,UNMATCHED,Honda Part# has no catalog counterpart
Macola,SUPPLY PARTS,10,8.8X1.9 ORING,91308-PH9-0000,902,,2,,,,UNMATCHED,Honda Part# has no catalog counterpart
Macola,SUPPLY PARTS,13,17.8 X 2.4 ORING,11203-PWA-0031,905,,1,,,,UNMATCHED,Honda Part# has no catalog counterpart
Macola,SUPPLY PARTS,18,THRUST WASHER,14646-R70-A000,389,,6,,,,UNMATCHED,Honda Part# has no catalog counterpart
Macola,SUPPLY PARTS,19,ROCKER ARM EX 14612,14612-5G0-A000,612,,3,,,,UNMATCHED,Honda Part# has no catalog counterpart
Macola,SUPPLY PARTS,20,ROCKER ARM EX 14614,14614-5G0-A000,613,,3,,,,UNMATCHED,Honda Part# has no catalog counterpart
Macola,SUPPLY PARTS,21,ROCKER ARM IN 14640,14640-5G0-A000,614,,3,,,,UNMATCHED,Honda Part# has no catalog counterpart
Macola,SUPPLY PARTS,22,ROCKER ARM IN 14620,14620-5G0-A000,615,,3,,,,UNMATCHED,Honda Part# has no catalog counterpart
Macola,SUPPLY PARTS,23,ROCKER ARM EX 14624,14624-5G0-A000,616,,3,,,,UNMATCHED,Honda Part# has no catalog counterpart
Macola,SUPPLY PARTS,24,ROCKER ARM EX 14627,14627-5G0-A010,617,,3,,,,UNMATCHED,Honda Part# has no catalog counterpart
Macola,SUPPLY PARTS,25,Rocker Arm Spring 14645,14645-5G0-A000,618,,3,,,,UNMATCHED,Honda Part# has no catalog counterpart
Macola,SUPPLY PARTS,30,8 STEEL BALL,96211-08000,432,,2,,,,UNMATCHED,Honda Part# has no catalog counterpart
Macola,SUPPLY PARTS,32,6C1 OIL PAN,11200-6C1-A000,909,,1,,,,UNMATCHED,Honda Part# has no catalog counterpart
Macola,SUPPLY PARTS,33,5WJ OIL PAN,11200-5WJ-A000,910,,1,,,,UNMATCHED,Honda Part# has no catalog counterpart
Macola,SUPPLY PARTS,35,Baffle Plate B,11222-64AA-A001,912,,1,,,,UNMATCHED,Honda Part# has no catalog counterpart
Macola,SUPPLY PARTS,49,6x10 DOWEL PIN,94301-06100,312,,2,,,,UNMATCHED,Honda Part# has no catalog counterpart
Macola,SUPPLY PARTS,51,9 X 10 DOWEL PIN,90701-5R0-3000,313,,19,,,,UNMATCHED,Honda Part# has no catalog counterpart
Macola,SUPPLY PARTS,52,JOINT TUBE,030ES-M4464-0000,314,,1,,,,UNMATCHED,Honda Part# has no catalog counterpart
Macola,SUPPLY PARTS,53,M6x12 FLANGE BOLT,95701-06012-08,323,,2,,,,UNMATCHED,Honda Part# has no catalog counterpart
Macola,SUPPLY PARTS,71,6X12 STUD BOLT,92900-06012-1B,332,,2,,,,UNMATCHED,Honda Part# has no catalog counterpart
Macola,SUPPLY PARTS,89,26.2X2.4 O-RING,91307-P8A-A000,329,,1,,,,UNMATCHED,Honda Part# has no catalog counterpart
Macola,SUPPLY PARTS,91,CASE OIL SEAL 80 X 98 X 10(CG),,330,,1,,,,UNMATCHED,Honda Part# has no catalog counterpart
Macola,SUPPLY PARTS,92,48.5X2.4 O-RING,91301-P8A-A000,331,,1,,,,UNMATCHED,Honda Part# has no catalog counterpart
Macola,SUPPLY PARTS,107,20X2.3 O-RING,91301-RNA-A020-M2,364,,2,,,,UNMATCHED,Honda Part# has no catalog counterpart
Macola,SUPPLY PARTS,113,18X22 DOWEL PIN,90703-PEO-0000,365,,1,,,,UNMATCHED,Honda Part# has no catalog counterpart
Macola,SUPPLY PARTS,121,Case Oil Seal (Seals),91214-RKG-0030,903,,1,,,,UNMATCHED,Honda Part# has no catalog counterpart
Macola,SUPPLY PARTS,128,13 x 20 Dowel pin,90715-PC6-000,410,,2,,,,UNMATCHED,Honda Part# has no catalog counterpart
Macola,SUPPLY PARTS,129,SEALING BOLT 10MM,90030-RT4-0030,414,,1,,,,UNMATCHED,Honda Part# has no catalog counterpart
Macola,SUPPLY PARTS,130,ORING 116.7X2.2,91318-RT4-0030,415,,1,,,,UNMATCHED,Honda Part# has no catalog counterpart
Macola,SUPPLY PARTS,131,CHOKE LUBE CHECK,21259-RT4-3000,418,,1,,,,UNMATCHED,Honda Part# has no catalog counterpart
Macola,SUPPLY PARTS,132,9 X 14 DOWEL PIN,90701-5A2A-A000,429,,31,,,,UNMATCHED,Honda Part# has no catalog counterpart
Macola,SUPPLY PARTS,137,9 X 17 DOWEL PIN,90702-5A2A-A000,431,,1,,,,UNMATCHED,Honda Part# has no catalog counterpart
Macola,SUPPLY PARTS,144,O-RING,91303-5A2-A010-M1,435,,1,,,,UNMATCHED,Honda Part# has no catalog counterpart
Macola,SUPPLY PARTS,147,FLANGE BOLT,90002-5G0-A000,611,,10,,,,UNMATCHED,Honda Part# has no catalog counterpart
Macola,SUPPLY PARTS,149,6S9 OIL SEAL,91214-6S9-A010-M1,913,,1,,,,UNMATCHED,Honda Part# has no catalog counterpart
Macola,SUPPLY PARTS,151,Thermostat,19300-6C1-A010-M2,915,,1,,,,UNMATCHED,Honda Part# has no catalog counterpart
Bom,SUPPLY PARTS,63,DRAIN PLUG BOLT,,,5J6-1 OIL PAN,1,11200-5J6 -A110,90009-R70-A000,catalog-description+family-sheet-name,EMITTED,new BOM line
Bom,SUPPLY PARTS,81,DRAIN PLUG WASHER,,,5J6-1 OIL PAN,1,11200-5J6 -A110,94109-14000,catalog-description+family-sheet-name,EMITTED,new BOM line
Bom,SUPPLY PARTS,45,8 x14 DOWEL PIN,,,5J6-1 OIL PAN,2,11200-5J6 -A110,94301-08140,catalog-description+family-sheet-name,EMITTED,new BOM line
Bom,SUPPLY PARTS,142,18 x 13 Dowel Pin,,,64A OIL PAN,1,1120A-64A -A000,15123-PCX-0030-H1,catalog-description+family-sheet-name,EMITTED,new BOM line
Bom,SUPPLY PARTS,68,DRAIN PLUG BOLT,,,64A OIL PAN,1,1120A-64A -A000,90009-R70-A000,catalog-description+family-sheet-name,EMITTED,new BOM line
Bom,SUPPLY PARTS,65,DRAIN PLUG BOLT,,,69F OIL PAN,1,1120A-69F -A000,90009-R70-A000,catalog-description,EMITTED,new BOM line
Bom,SUPPLY PARTS,16,9 STEEL BALL,,,RPY CH/RS SET,1,1223A-RPY -A000,96211-09000,family-sheet-name,EMITTED,new BOM line
Bom,SUPPLY PARTS,123,10 X 12 DOWEL PIN,,,RPY Fuel Pump,2,12270-RPY -G001,94301-10120,catalog-description+family-sheet-name,EMITTED,new BOM line
Bom,SUPPLY PARTS,34,Baffle Plate A,,,64A OIL PAN,1,1120A-64A -A000,11221-64AA-A010,catalog-description+family-sheet-name,ALREADY-PRESENT,catalog qty 1
Bom,SUPPLY PARTS,37,6 X 20 Flange Bolt,,,64A OIL PAN,5,1120A-64A -A000,95701-06020-08,catalog-description+family-sheet-name,ALREADY-PRESENT,catalog qty 5
Bom,SUPPLY PARTS,47,12 X 16 DOWEL PIN,,,64A OIL PAN,1,1120A-64A -A000,94301-12160,catalog-description+family-sheet-name,ALREADY-PRESENT,catalog qty 1
Bom,SUPPLY PARTS,85,DRAIN PLUG WASHER,,,64A OIL PAN,1,1120A-64A -A000,94109-14000,catalog-description+family-sheet-name,ALREADY-PRESENT,catalog qty 1
Bom,SUPPLY PARTS,87,DRAIN PLUG WASHER,,,69F OIL PAN,1,1120A-69F -A000,94109-14000,catalog-description,ALREADY-PRESENT,catalog qty 1
Bom,SUPPLY PARTS,95,6 X 14 STUD BOLT,,,5PA FUEL PUMP MPP,1,12270-5PA -A000,92900-06014-1B,family-sheet-name,ALREADY-PRESENT,catalog qty 1
Bom,SUPPLY PARTS,98,JOINT TUBE,,,64A OIL PAN,1,1120A-64A -A000,19517-PD6-3000,catalog-description+family-sheet-name,ALREADY-PRESENT,catalog qty 1
Bom,SUPPLY PARTS,103,OIL FILTER Stud,,,69F OIL PAN,1,1120A-69F -A000,90015-PH1-0130,catalog-description,ALREADY-PRESENT,catalog qty 1
Bom,SUPPLY PARTS,104,OIL FILTER Stud,,,64A OIL PAN,1,1120A-64A -A000,90015-PH1-0130,catalog-description+family-sheet-name,ALREADY-PRESENT,catalog qty 1
Bom,SUPPLY PARTS,119,8X10 DOWEL PIN,,,69F OIL PAN,1,1120A-69F -A000,94301-08100,catalog-description,ALREADY-PRESENT,catalog qty 1
Bom,SUPPLY PARTS,126,10 X 12 DOWEL PIN,,,6B2 FUEL PUMP,2,12270-6B2 -A000,94301-10120,catalog-description+family-sheet-name,ALREADY-PRESENT,catalog qty 2
Bom,SUPPLY PARTS,141,18 x 13 Dowel Pin,,,69F OIL PAN,1,1120A-69F -A000,15123-PCX-0030-H1,catalog-description,ALREADY-PRESENT,catalog qty 1
Bom,SUPPLY PARTS,150,6 X 50 STUD BOLT,,,6B2 FUEL PUMP,1,12270-6B2 -A000,92900-06050-0B,catalog-description+family-sheet-name,ALREADY-PRESENT,catalog qty 1
Bom,SUPPLY PARTS,14,9 STEEL BALL,,,5BA CH/RS SET,2,1223A-5BA -A000,96211-09000,family-sheet-name,QTY-CONFLICT,catalog qty 1
Bom,SUPPLY PARTS,15,9 STEEL BALL,,,6B2 CH/RS SETS,2,1223A-6B2 -A000,96211-09000,family-sheet-name,QTY-CONFLICT,catalog qty 1
Bom,SUPPLY PARTS,17,SEALING BOLT,90004-PE2-0050,390,5G0 HOLDER ASSY FR,1,,,,FG-UNRESOLVED,no name match
Bom,SUPPLY PARTS,26,Shaft Comp 14631,14631-5G0-A000,619,5G0 HOLDER ASSY FR,1,,,,FG-UNRESOLVED,no name match
Bom,SUPPLY PARTS,27,Shaft Comp 14632,14632-5G0-A000,620,5G0 HOLDER ASSY FR,1,,,,FG-UNRESOLVED,no name match
Bom,SUPPLY PARTS,28,Shaft Comp 14633,14633-5G0-A000,621,5G0 HOLDER ASSY RR,1,,,,FG-UNRESOLVED,no name match
Bom,SUPPLY PARTS,29,Shaft Comp 14634,14634-5G0-A000,622,5G0 HOLDER ASSY RR,1,,,,FG-UNRESOLVED,no name match
Bom,SUPPLY PARTS,36,6 X 20 Flange Bolt,95701-06020-08,914,69F THERMO CASE,2,,,,FG-UNRESOLVED,no name match
Bom,SUPPLY PARTS,39,8 x14 DOWEL PIN,94301-08140,308,PGE OIL PAN,2,,,family-sheet-name,FG-UNRESOLVED,family-sheet PN not in catalog: 11200-PGE-A00
Bom,SUPPLY PARTS,40,8 x14 DOWEL PIN,94301-08140,308,P8A OIL PAN,2,,,family-sheet-name,FG-UNRESOLVED,family-sheet PN not in catalog: 11200-P8A-A00
Bom,SUPPLY PARTS,41,8 x14 DOWEL PIN,94301-08140,308,RNO OIL PAN,2,,,,FG-UNRESOLVED,no name match
Bom,SUPPLY PARTS,42,8 x14 DOWEL PIN,94301-08140,308,R1A LOST MOTION,2,,,family-sheet-name,FG-UNRESOLVED,family-sheet PN not in catalog: 12236-R1A-A000
Bom,SUPPLY PARTS,43,8 x14 DOWEL PIN,94301-08140,308,5MH OIL PAN,2,,,family-sheet-name,FG-UNRESOLVED,family-sheet PN not in catalog: 112005MHA000
Bom,SUPPLY PARTS,44,8 x14 DOWEL PIN,94301-08140,308,5J6 OIL PAN,2,,,family-sheet-name,FG-UNRESOLVED,family-sheet PN not in catalog: 1120R5J6A010
Bom,SUPPLY PARTS,46,12 X 16 DOWEL PIN,94301-12160,310,5AA / 5K8 OIL PAN,1,,,,FG-UNRESOLVED,no name match
Bom,SUPPLY PARTS,48,12 X 16 DOWEL PIN,94301-12160,310,5PA OIL PAN,1,,,family-sheet-name,FG-UNRESOLVED,family-sheet PN not in catalog: 1120A-5PA-A000
Bom,SUPPLY PARTS,57,DRAIN PLUG BOLT,90009-R70-A000,433,PGE OIL PAN,1,,,family-sheet-name,FG-UNRESOLVED,family-sheet PN not in catalog: 11200-PGE-A00
Bom,SUPPLY PARTS,58,DRAIN PLUG BOLT,90009-R70-A000,433,RNA OIL PAN,1,,,family-sheet-name,FG-UNRESOLVED,"family-sheet PN not in catalog: 11200-RNA-A02, 1120ARNA 0200"
Bom,SUPPLY PARTS,59,DRAIN PLUG BOLT,90009-R70-A000,433,P8A OIL PAN,1,,,family-sheet-name,FG-UNRESOLVED,family-sheet PN not in catalog: 11200-P8A-A00
Bom,SUPPLY PARTS,60,DRAIN PLUG BOLT,90009-R70-A000,433,RNO OIL PAN,1,,,,FG-UNRESOLVED,no name match
Bom,SUPPLY PARTS,61,DRAIN PLUG BOLT,90009-R70-A000,433,RDJ OIL PAN,1,,,family-sheet-name,FG-UNRESOLVED,family-sheet PN not in catalog: 11200-RDJ-A00
Bom,SUPPLY PARTS,62,DRAIN PLUG BOLT,90009-R70-A000,433,RXO Oil Pan,1,,,family-sheet-name,FG-UNRESOLVED,family-sheet PN not in catalog: 11200RX0 A000
Bom,SUPPLY PARTS,64,DRAIN PLUG BOLT,90009-R70-A000,433,5MH OIL PAN,1,,,family-sheet-name,FG-UNRESOLVED,family-sheet PN not in catalog: 112005MHA000
Bom,SUPPLY PARTS,66,DRAIN PLUG BOLT,90009-R70-A000,433,5J6 OIL PAN,1,,,family-sheet-name,FG-UNRESOLVED,family-sheet PN not in catalog: 1120R5J6A010
Bom,SUPPLY PARTS,67,DRAIN PLUG BOLT,90009-R70-A000,433,5AA / 5K8 OIL PAN,1,,,,FG-UNRESOLVED,no name match
Bom,SUPPLY PARTS,69,DRAIN PLUG BOLT,90009-R70-A000,433,5PA OIL PAN,1,,,family-sheet-name,FG-UNRESOLVED,family-sheet PN not in catalog: 1120A-5PA-A000
Bom,SUPPLY PARTS,70,DRAIN PLUG BOLT,90009-R70-A000,433,5LA Oil Pan,1,,,family-sheet-name,FG-UNRESOLVED,family-sheet PN not in catalog: 1120A5LAA000
Bom,SUPPLY PARTS,76,DRAIN PLUG WASHER,94109-14000,327,R1B OIL PAN,1,,,,FG-UNRESOLVED,no name match
Bom,SUPPLY PARTS,77,DRAIN PLUG WASHER,94109-14000,327,RNA OIL PAN,1,,,family-sheet-name,FG-UNRESOLVED,"family-sheet PN not in catalog: 11200-RNA-A02, 1120ARNA 0200"
Bom,SUPPLY PARTS,78,DRAIN PLUG WASHER,94109-14000,327,P8A OILPAN,1,,,family-sheet-name,FG-UNRESOLVED,family-sheet PN not in catalog: 11200-P8A-A00
Bom,SUPPLY PARTS,79,DRAIN PLUG WASHER,94109-14000,327,RNO OIL PAN,1,,,,FG-UNRESOLVED,no name match
Bom,SUPPLY PARTS,80,DRAIN PLUG WASHER,94109-14000,327,RXO Oil Pan,1,,,family-sheet-name,FG-UNRESOLVED,family-sheet PN not in catalog: 11200RX0 A000
Bom,SUPPLY PARTS,82,DRAIN PLUG WASHER,94109-14000,327,5J6 OIL PAN,1,,,family-sheet-name,FG-UNRESOLVED,family-sheet PN not in catalog: 1120R5J6A010
Bom,SUPPLY PARTS,83,DRAIN PLUG WASHER,94109-14000,327,5AA / 5K8 OIL PAN,1,,,,FG-UNRESOLVED,no name match
Bom,SUPPLY PARTS,84,DRAIN PLUG WASHER,94109-14000,327,5MH OIL PAN,1,,,family-sheet-name,FG-UNRESOLVED,family-sheet PN not in catalog: 112005MHA000
Bom,SUPPLY PARTS,86,DRAIN PLUG WASHER,94109-14000,327,5PA OIL PAN,1,,,family-sheet-name,FG-UNRESOLVED,family-sheet PN not in catalog: 1120A-5PA-A000
Bom,SUPPLY PARTS,88,DRAIN PLUG WASHER,94109-14000,327,5LA Oil Pan,1,,,family-sheet-name,FG-UNRESOLVED,family-sheet PN not in catalog: 1120A5LAA000
Bom,SUPPLY PARTS,94,6 X 14 STUD BOLT,92900-06014-1B,355,59B FUEL PUMP,1,,,family-sheet-name,FG-UNRESOLVED,family-sheet PN not in catalog: 12270-59B-0000
Bom,SUPPLY PARTS,96,JOINT TUBE,19517-PD6-3000,356,5AA / 5K8 OIL PAN,1,,,,FG-UNRESOLVED,no name match
Bom,SUPPLY PARTS,97,JOINT TUBE,19517-PD6-3000,356,5PA OIL PAN,1,,,family-sheet-name,FG-UNRESOLVED,family-sheet PN not in catalog: 1120A-5PA-A000
Bom,SUPPLY PARTS,99,OIL FILTER Stud,90015-PH1-0130,363,6C2 OIL PAN,1,,,,FG-UNRESOLVED,no name match
Bom,SUPPLY PARTS,100,OIL FILTER Stud,90015-PH1-0130,363,6L2 OIL PAN,1,,,,FG-UNRESOLVED,no name match
Bom,SUPPLY PARTS,101,OIL FILTER Stud,90015-PH1-0130,363,RNA OIL PAN,1,,,family-sheet-name,FG-UNRESOLVED,"family-sheet PN not in catalog: 11200-RNA-A02, 1120ARNA 0200"
Bom,SUPPLY PARTS,102,OIL FILTER Stud,90015-PH1-0130,363,5AA 5K8 OIL PAN,1,,,,FG-UNRESOLVED,no name match
Bom,SUPPLY PARTS,105,OIL FILTER Stud,90015-PH1-0130,363,5PA OIL PAN,1,,,family-sheet-name,FG-UNRESOLVED,family-sheet PN not in catalog: 1120A-5PA-A000
Bom,SUPPLY PARTS,106,OIL FILTER Stud,90015-PH1-0130,363,5LA Oil Pan,1,,,family-sheet-name,FG-UNRESOLVED,family-sheet PN not in catalog: 1120A5LAA000
Bom,SUPPLY PARTS,115,8X10 DOWEL PIN,94301-08100,366,R1B OIL PAN,1,,,,FG-UNRESOLVED,no name match
Bom,SUPPLY PARTS,116,8X10 DOWEL PIN,94301-08100,366,RNAOIL PAN,1,,,family-sheet-name,FG-UNRESOLVED,"family-sheet PN not in catalog: 11200-RNA-A02, 1120ARNA 0200"
Bom,SUPPLY PARTS,117,8X10 DOWEL PIN,94301-08100,366,59B FUEL PUMP,2,,,family-sheet-name,FG-UNRESOLVED,family-sheet PN not in catalog: 12270-59B-0000
Bom,SUPPLY PARTS,118,8X10 DOWEL PIN,94301-08100,366,5PA FUEL PUMP METTS,2,,,,FG-UNRESOLVED,no name match
Bom,SUPPLY PARTS,120,8X10 DOWEL PIN,94301-08100,366,5LA Oil Pan,1,,,family-sheet-name,FG-UNRESOLVED,family-sheet PN not in catalog: 1120A5LAA000
Bom,SUPPLY PARTS,124,10 X 12 DOWEL PIN,94301-10120,388,5A2 Fuel Pump,2,,,family-sheet-name,FG-UNRESOLVED,family-sheet PN not in catalog: 122705A2 A010
Bom,SUPPLY PARTS,125,10 X 12 DOWEL PIN,94301-10120,388,66VT FUEL PUMP,2,,,family-sheet-name,FG-UNRESOLVED,family-sheet PN not in catalog: 12270-6VVT-A000
Bom,SUPPLY PARTS,127,10 X 12 DOWEL PIN,94301-10120,388,5BA SIDE COVER,2,,,family-sheet-name,FG-UNRESOLVED,family-sheet PN not in catalog: 12270-5BA-A000
Bom,SUPPLY PARTS,139,18 x 13 Dowel Pin,15123-PCX-0030-H1,434,5LA Oil Pan,1,,,family-sheet-name,FG-UNRESOLVED,family-sheet PN not in catalog: 1120A5LAA000
Bom,SUPPLY PARTS,140,18 x 13 Dowel Pin,15123-PCX-0030-H1,434,5PA OIL PAN,1,,,family-sheet-name,FG-UNRESOLVED,family-sheet PN not in catalog: 1120A-5PA-A000
Bom,SUPPLY PARTS,143,18 x 13 Dowel Pin,15123-PCX-0030-H1,434,5AA / 5K8 OIL PAN,1,,,,FG-UNRESOLVED,no name match
Bom,SUPPLY PARTS,145,10 X 10 DOWEL PIN,90701-5GO-A000,610,5G0 Holder Assy Front,7,,,,FG-UNRESOLVED,no name match
Bom,SUPPLY PARTS,146,10 X 10 DOWEL PIN,90701-5GO-A000,610,5G0 Holder Assy Rear,7,,,,FG-UNRESOLVED,no name match
Bom,SUPPLY PARTS,152,"Rubber, Thermo MTG",19305-5K0-A000,916,69F TCASE,1,,,,FG-UNRESOLVED,no name match
Bom,SUPPLY PARTS,153,23 X 2.3 Oring,91302-RZP-0000,922,6MA/69F OP,1,,,,FG-UNRESOLVED,no name match
Bom,SUPPLY PARTS,35,Baffle Plate B,11222-64AA-A001,912,64A OIL PAN,1,,,,COMPONENT-UNRESOLVED,Honda Part# has no catalog counterpart
Bom,SUPPLY PARTS,73,6X12 STUD BOLT,92900-06012-1B,332,6B2 FUEL PUMP,1,,,,COMPONENT-UNRESOLVED,Honda Part# has no catalog counterpart
Bom,SUPPLY PARTS,92,48.5X2.4 O-RING,91301-P8A-A000,331,P8A CAMTHRUST FRONT,1,,,,COMPONENT-UNRESOLVED,Honda Part# has no catalog counterpart
Bom,SUPPLY PARTS,110,20X2.3 O-RING,91301-RNA-A020-M2,364,64A OIL PAN,2,,,,COMPONENT-UNRESOLVED,Honda Part# has no catalog counterpart
Bom,SUPPLY PARTS,133,9 X 14 DOWEL PIN,90701-5A2A-A000,429,6B2 CH/RS SETS,40,,,,COMPONENT-UNRESOLVED,Honda Part# has no catalog counterpart
Bom,SUPPLY PARTS,135,9 X 14 DOWEL PIN,90701-5A2A-A000,429,RPY CH/RS SETS,40,,,,COMPONENT-UNRESOLVED,Honda Part# has no catalog counterpart
Bom,SUPPLY PARTS,136,9 X 14 DOWEL PIN,90701-5A2A-A000,429,5BA CH/RS SETS,40,,,,COMPONENT-UNRESOLVED,Honda Part# has no catalog counterpart
Bom,SUPPLY PARTS,2,ENGINE COOLER,15500-RPY-G010-M4,444,RPY WATER PASSAGE,1,,,,BOTH-UNRESOLVED,family-sheet PN not in catalog: 19410RPYG000
Bom,SUPPLY PARTS,3,6 X 16 FLANGE BOLT,95701-06016-08,443,RPY WATER PASSAGE,5,,,,BOTH-UNRESOLVED,family-sheet PN not in catalog: 19410RPYG000
Bom,SUPPLY PARTS,4,BAFFLE PLATE,11221-59B-0000,357,5AA 5K8 OIL PAN,1,,,,BOTH-UNRESOLVED,no name match
Bom,SUPPLY PARTS,5,BAFFLE PLATE,11221-59B-0000,357,5PA OIL PAN,1,,,,BOTH-UNRESOLVED,family-sheet PN not in catalog: 1120A-5PA-A000
Bom,SUPPLY PARTS,6,BAFFLE PLATE,11221-5R0-0000,904,6L2 OIL PAN,1,,,,BOTH-UNRESOLVED,no name match
Bom,SUPPLY PARTS,7,PLATE DIFF LUBE,22792-5MX-A000,901,5MX 5YL PIPE B DIFF LUBE,1,,,,BOTH-UNRESOLVED,no name match
Bom,SUPPLY PARTS,8,PLATE DIFF LUBE,22792-5MX-A000,901,5YK PIPE B DIFF LUBE,1,,,,BOTH-UNRESOLVED,family-sheet PN not in catalog: 22790-5YK-0000
Bom,SUPPLY PARTS,9,PLATE DIFF LUBE,22792-5MX-A000,901,5MX PIPE LUBE DIFF,1,,,,BOTH-UNRESOLVED,no name match
Bom,SUPPLY PARTS,10,8.8X1.9 ORING,91308-PH9-0000,902,5MX 5YL PIPE B DIFF LUBE,2,,,,BOTH-UNRESOLVED,no name match
Bom,SUPPLY PARTS,11,8.8X1.9 ORING,91308-PH9-0000,902,5YK PIPE B DIFF LUBE,2,,,,BOTH-UNRESOLVED,family-sheet PN not in catalog: 22790-5YK-0000
Bom,SUPPLY PARTS,12,8.8X1.9 ORING,91308-PH9-0000,902,5MX PIPE LUBE DIFF,2,,,,BOTH-UNRESOLVED,no name match
Bom,SUPPLY PARTS,13,17.8 X 2.4 ORING,11203-PWA-0031,905,6L2 OIL PAN,1,,,,BOTH-UNRESOLVED,no name match
Bom,SUPPLY PARTS,18,THRUST WASHER,14646-R70-A000,389,5G0 HOLDER ASSY FR,6,,,,BOTH-UNRESOLVED,no name match
Bom,SUPPLY PARTS,19,ROCKER ARM EX 14612,14612-5G0-A000,612,5G0 HOLDER ASSY FR,3,,,,BOTH-UNRESOLVED,no name match
Bom,SUPPLY PARTS,20,ROCKER ARM EX 14614,14614-5G0-A000,613,5G0 HOLDER ASSY FR,3,,,,BOTH-UNRESOLVED,no name match
Bom,SUPPLY PARTS,21,ROCKER ARM IN 14640,14640-5G0-A000,614,5G0 HOLDER ASSY FR,3,,,,BOTH-UNRESOLVED,no name match
Bom,SUPPLY PARTS,22,ROCKER ARM IN 14620,14620-5G0-A000,615,5G0 HOLDER ASSY RR,3,,,,BOTH-UNRESOLVED,no name match
Bom,SUPPLY PARTS,23,ROCKER ARM EX 14624,14624-5G0-A000,616,5G0 HOLDER ASSY RR,3,,,,BOTH-UNRESOLVED,no name match
Bom,SUPPLY PARTS,24,ROCKER ARM EX 14627,14627-5G0-A010,617,5G0 HOLDER ASSY RR,3,,,,BOTH-UNRESOLVED,no name match
Bom,SUPPLY PARTS,25,Rocker Arm Spring 14645,14645-5G0-A000,618,5G0 HOLDER ASSY FR,3,,,,BOTH-UNRESOLVED,no name match
Bom,SUPPLY PARTS,30,8 STEEL BALL,96211-08000,432,5A2 CH/RS SETS,2,,,,BOTH-UNRESOLVED,family-sheet PN not in catalog: 1226A-5A2-A000
Bom,SUPPLY PARTS,31,8 STEEL BALL,96211-08000,432,5B0 CH/RS SETS,2,,,,BOTH-UNRESOLVED,no name match
Bom,SUPPLY PARTS,32,6C1 OIL PAN,11200-6C1-A000,909,6C2 OIL PAN,1,,,,BOTH-UNRESOLVED,no name match
Bom,SUPPLY PARTS,33,5WJ OIL PAN,11200-5WJ-A000,910,6L2 OIL PAN,1,,,,BOTH-UNRESOLVED,no name match
Bom,SUPPLY PARTS,49,6x10 DOWEL PIN,94301-06100,312,RCA CASE OIL SEAL,2,,,,BOTH-UNRESOLVED,family-sheet PN not in catalog: 11300-RCA-A000
Bom,SUPPLY PARTS,50,6x10 DOWEL PIN,94301-06100,312,R70 CASE OIL SEAL,2,,,,BOTH-UNRESOLVED,family-sheet PN not in catalog: 11300-R70-A000
Bom,SUPPLY PARTS,51,9 X 10 DOWEL PIN,90701-5R0-3000,313,59B SETS MPP CAST,19,,,,BOTH-UNRESOLVED,no name match
Bom,SUPPLY PARTS,52,JOINT TUBE,030ES-M4464-0000,314,HITACHI SINGLE CASE,1,,,,BOTH-UNRESOLVED,no name match
Bom,SUPPLY PARTS,53,M6x12 FLANGE BOLT,95701-06012-08,323,5MX/5YL PIPE B DIFF LUBE,2,,,,BOTH-UNRESOLVED,no name match
Bom,SUPPLY PARTS,54,M6x12 FLANGE BOLT,95701-06012-08,323,5YK PIPE B DIFF LUBE,2,,,,BOTH-UNRESOLVED,family-sheet PN not in catalog: 22790-5YK-0000
Bom,SUPPLY PARTS,55,M6x12 FLANGE BOLT,95701-06012-08,323,5MX PIPE LUBE DIFF,2,,,,BOTH-UNRESOLVED,no name match
Bom,SUPPLY PARTS,56,M6x12 FLANGE BOLT,95701-06012-08,323,6L2 OIL PAN,6,,,,BOTH-UNRESOLVED,no name match
Bom,SUPPLY PARTS,71,6X12 STUD BOLT,92900-06012-1B,332,RCA CAMTHRUST REAR,2,,,,BOTH-UNRESOLVED,family-sheet PN not in catalog: 1224A-RCA-A000
Bom,SUPPLY PARTS,72,6X12 STUD BOLT,92900-06012-1B,332,5BA SIDE COVER,1,,,,BOTH-UNRESOLVED,family-sheet PN not in catalog: 12270-5BA-A000
Bom,SUPPLY PARTS,74,6X12 STUD BOLT,92900-06012-1B,332,5A2 FUEL PUMP,1,,,,BOTH-UNRESOLVED,family-sheet PN not in catalog: 122705A2 A010
Bom,SUPPLY PARTS,89,26.2X2.4 O-RING,91307-P8A-A000,329,RCA CASE OIL SEAL,1,,,,BOTH-UNRESOLVED,family-sheet PN not in catalog: 11300-RCA-A000
Bom,SUPPLY PARTS,90,26.2X2.4 O-RING,91307-P8A-A000,329,R70 CASE OIL SEAL,1,,,,BOTH-UNRESOLVED,family-sheet PN not in catalog: 11300-R70-A000
Bom,SUPPLY PARTS,91,CASE OIL SEAL 80 X 98 X 10(CG),,330,P8A CASE OIL SEAL,1,,,,BOTH-UNRESOLVED,no name match
Bom,SUPPLY PARTS,93,48.5X2.4 O-RING,91301-P8A-A000,331,RCA CAMTHRUST REAR,1,,,,BOTH-UNRESOLVED,family-sheet PN not in catalog: 1224A-RCA-A000
Bom,SUPPLY PARTS,107,20X2.3 O-RING,91301-RNA-A020-M2,364,6C2 OIL PAN,2,,,,BOTH-UNRESOLVED,no name match
Bom,SUPPLY PARTS,108,20X2.3 O-RING,91301-RNA-A020-M2,364,5AA 5K8 OIL PAN,3,,,,BOTH-UNRESOLVED,no name match
Bom,SUPPLY PARTS,109,20X2.3 O-RING,91301-RNA-A020-M2,364,5PA OIL PAN,2,,,,BOTH-UNRESOLVED,family-sheet PN not in catalog: 1120A-5PA-A000
Bom,SUPPLY PARTS,111,20X2.3 O-RING,91301-RNA-A020-M2,364,RNA OIL PAN,2,,,,BOTH-UNRESOLVED,"family-sheet PN not in catalog: 11200-RNA-A02, 1120ARNA 0200"
Bom,SUPPLY PARTS,113,18X22 DOWEL PIN,90703-PEO-0000,365,R1B Oil pan,1,,,,BOTH-UNRESOLVED,no name match
Bom,SUPPLY PARTS,114,18X22 DOWEL PIN,90703-PEO-0000,365,RNA OIL PAN,1,,,,BOTH-UNRESOLVED,"family-sheet PN not in catalog: 11200-RNA-A02, 1120ARNA 0200"
Bom,SUPPLY PARTS,121,Case Oil Seal (Seals),91214-RKG-0030,903,RCA CASE OIL SEAL,1,,,,BOTH-UNRESOLVED,family-sheet PN not in catalog: 11300-RCA-A000
Bom,SUPPLY PARTS,122,Case Oil Seal (Seals),91214-RKG-0030,903,R70 CASE OIL SEAL,1,,,,BOTH-UNRESOLVED,family-sheet PN not in catalog: 11300-R70-A000
Bom,SUPPLY PARTS,128,13 x 20 Dowel pin,90715-PC6-000,410,RXO Oil Pan,2,,,,BOTH-UNRESOLVED,family-sheet PN not in catalog: 11200RX0 A000
Bom,SUPPLY PARTS,129,SEALING BOLT 10MM,90030-RT4-0030,414,6AT CAP AL SIDE,1,,,,BOTH-UNRESOLVED,no name match
Bom,SUPPLY PARTS,130,ORING 116.7X2.2,91318-RT4-0030,415,6AT CAP AL SIDE,1,,,,BOTH-UNRESOLVED,no name match
Bom,SUPPLY PARTS,131,CHOKE LUBE CHECK,21259-RT4-3000,418,CAP COOLER RETURN,1,,,,BOTH-UNRESOLVED,no name match
Bom,SUPPLY PARTS,132,9 X 14 DOWEL PIN,90701-5A2A-A000,429,5A2 CH/RS SETS,31,,,,BOTH-UNRESOLVED,family-sheet PN not in catalog: 1226A-5A2-A000
Bom,SUPPLY PARTS,134,9 X 14 DOWEL PIN,90701-5A2A-A000,429,59B CH/RS SETS,1,,,,BOTH-UNRESOLVED,no name match
Bom,SUPPLY PARTS,137,9 X 17 DOWEL PIN,90702-5A2A-A000,431,5A2 CH/RS SETS,1,,,,BOTH-UNRESOLVED,family-sheet PN not in catalog: 1226A-5A2-A000
Bom,SUPPLY PARTS,138,9 X 17 DOWEL PIN,90702-5A2A-A000,431,5B0 CH/RS SETS,1,,,,BOTH-UNRESOLVED,no name match
Bom,SUPPLY PARTS,144,O-RING,91303-5A2-A010-M1,435,5LA Oil Pan,1,,,,BOTH-UNRESOLVED,family-sheet PN not in catalog: 1120A5LAA000
Bom,SUPPLY PARTS,147,FLANGE BOLT,90002-5G0-A000,611,5G0 FRONT,10,,,,BOTH-UNRESOLVED,family-sheet PN not in catalog: 14650-5G0A-A000
Bom,SUPPLY PARTS,148,FLANGE BOLT,90002-5G0-A000,611,5G0 REAR,10,,,,BOTH-UNRESOLVED,family-sheet PN not in catalog: 14660-5G0A-A000
Bom,SUPPLY PARTS,149,6S9 OIL SEAL,91214-6S9-A010-M1,913,6S9 CASE OIL SEAL,1,,,,BOTH-UNRESOLVED,family-sheet PN not in catalog: 11300-6S9A-A000
Bom,SUPPLY PARTS,151,Thermostat,19300-6C1-A010-M2,915,69F TCASE,1,,,,BOTH-UNRESOLVED,no name match
CatalogNoMacola,,,5J6-1 Oil Pan,11200-5J6 -A110,,,,,,,NO-MACOLA,FinishedGood
CatalogNoMacola,,,5J6-1 Oil Pan Raw,11200-5J6-A000,,,,,,,NO-MACOLA,Component
CatalogNoMacola,,,6FB Front Cover (AIM post-back test part),11200-6FB -A000,,,,,,,NO-MACOLA,FinishedGood
CatalogNoMacola,,,6FB Oil Pan Raw,11200-6FB-A000,,,,,,,NO-MACOLA,Component
CatalogNoMacola,,,6FB Oil Pan,11200-6FBA -A000,,,,,,,NO-MACOLA,FinishedGood
CatalogNoMacola,,,6MA Oil Pan Raw,11200-6MAA-J010,,,,,,,NO-MACOLA,Component
CatalogNoMacola,,,64A Oil Pan,1120A-64A -A000,,,,,,,NO-MACOLA,FinishedGood
CatalogNoMacola,,,64A Oil Pan Raw,1120A-64AA,,,,,,,NO-MACOLA,Component
CatalogNoMacola,,,69F Oil Pan,1120A-69F -A000,,,,,,,NO-MACOLA,FinishedGood
CatalogNoMacola,,,Baffle Plate B,11222-64A-A001,,,,,,,NO-MACOLA,Component
CatalogNoMacola,,,Cam Thrust Front,12230-P8A -A000,,,,,,,NO-MACOLA,FinishedGood
CatalogNoMacola,,,59B Cam Holder In #1,12231-59B-0000,,,,,,,NO-MACOLA,Component
CatalogNoMacola,,,Rocker Shaft Holder #1,12231-5GO,,,,,,,NO-MACOLA,Component
CatalogNoMacola,,,6MA Intake #1,12231-6MA -0000,,,,,,,NO-MACOLA,Component
CatalogNoMacola,,,RPY Cam Holder In #1,12231-RPY -G000,,,,,,,NO-MACOLA,Component
CatalogNoMacola,,,RPY Cam Holder In #1 (machined),12231-RPY -G000-M,,,,,,,NO-MACOLA,SubAssembly
CatalogNoMacola,,,59B Cam Holder In #2,12232-59B-0000,,,,,,,NO-MACOLA,Component
CatalogNoMacola,,,Rocker Shaft Holder #2,12232-5GO,,,,,,,NO-MACOLA,Component
CatalogNoMacola,,,6MA Intake #2,12232-6MA -0000,,,,,,,NO-MACOLA,Component
CatalogNoMacola,,,RPY Cam Holder In #2,12232-RPY -G000,,,,,,,NO-MACOLA,Component
CatalogNoMacola,,,RPY Cam Holder In #2 (machined),12232-RPY -G000-M,,,,,,,NO-MACOLA,SubAssembly
CatalogNoMacola,,,59B Cam Holder In #3,12233-59B-0000,,,,,,,NO-MACOLA,Component
CatalogNoMacola,,,Rocker Shaft Holder #3,12233-5GO,,,,,,,NO-MACOLA,Component
CatalogNoMacola,,,6MA Intake #3,12233-6MA -0000,,,,,,,NO-MACOLA,Component
CatalogNoMacola,,,RPY Cam Holder In #3,12233-RPY -G000,,,,,,,NO-MACOLA,Component
CatalogNoMacola,,,RPY Cam Holder In #3 (machined),12233-RPY -G000-M,,,,,,,NO-MACOLA,SubAssembly
CatalogNoMacola,,,59B Cam Holder In #4,12234-59B-0000,,,,,,,NO-MACOLA,Component
CatalogNoMacola,,,6MA Intake #4,12234-6MA -0000,,,,,,,NO-MACOLA,Component
CatalogNoMacola,,,RPY Cam Holder In #4,12234-RPY -G000,,,,,,,NO-MACOLA,Component
CatalogNoMacola,,,RPY Cam Holder In #4 (machined),12234-RPY -G000-M,,,,,,,NO-MACOLA,SubAssembly
CatalogNoMacola,,,59B Cam Holder In #5,12235-59B-0000,,,,,,,NO-MACOLA,Component
CatalogNoMacola,,,6FB Oil Pass,12235-6FB -A000,,,,,,,NO-MACOLA,FinishedGood
CatalogNoMacola,,,6FB Oil Pass Raw,12235-6FBA-A000,,,,,,,NO-MACOLA,Component
CatalogNoMacola,,,6MA Intake #5,12235-6MA -0000,,,,,,,NO-MACOLA,Component
CatalogNoMacola,,,RPY Cam Holder In #5,12235-RPY -G000,,,,,,,NO-MACOLA,Component
CatalogNoMacola,,,RPY Cam Holder In #5 (machined),12235-RPY -G000-M,,,,,,,NO-MACOLA,SubAssembly
CatalogNoMacola,,,59B Cam-Rocker Holder Set,1223A-59B -A0002,,,,,,,NO-MACOLA,FinishedGood
CatalogNoMacola,,,59B Cam Holder Ex #1,12241-59B-0000,,,,,,,NO-MACOLA,Component
CatalogNoMacola,,,Exhaust #1,12241-6MA -0000,,,,,,,NO-MACOLA,Component
CatalogNoMacola,,,RPY Cam Holder Ex #1,12241-RPY -G000,,,,,,,NO-MACOLA,Component
CatalogNoMacola,,,RPY Cam Holder Ex #1 (machined),12241-RPY -G000-M,,,,,,,NO-MACOLA,SubAssembly
CatalogNoMacola,,,59b Cam Holder Ex #2,12242-59B-0000,,,,,,,NO-MACOLA,Component
CatalogNoMacola,,,Exhaust #2,12242-6MA -0000,,,,,,,NO-MACOLA,Component
CatalogNoMacola,,,RPY Cam Holder Ex #2,12242-RPY -G000,,,,,,,NO-MACOLA,Component
CatalogNoMacola,,,RPY Cam Holder Ex #2 (machined),12242-RPY -G000-M,,,,,,,NO-MACOLA,SubAssembly
CatalogNoMacola,,,59B Cam Holder Ex #3,12243-59B-0000,,,,,,,NO-MACOLA,Component
CatalogNoMacola,,,Exhaust #3,12243-6MA -0000,,,,,,,NO-MACOLA,Component
CatalogNoMacola,,,RPY Cam Holder Ex #3,12243-RPY -G000,,,,,,,NO-MACOLA,Component
CatalogNoMacola,,,RPY Cam Holder Ex #3 (machined),12243-RPY -G000-M,,,,,,,NO-MACOLA,SubAssembly
CatalogNoMacola,,,59B Cam Holder Ex #4,12244-59B-0000,,,,,,,NO-MACOLA,Component
CatalogNoMacola,,,Exhaust #4,12244-6MA -0000,,,,,,,NO-MACOLA,Component
CatalogNoMacola,,,RPY Cam Holder Ex #4,12244-RPY -G000,,,,,,,NO-MACOLA,Component
CatalogNoMacola,,,RPY Cam Holder Ex #4 (machined),12244-RPY -G000-M,,,,,,,NO-MACOLA,SubAssembly
CatalogNoMacola,,,59B Cam Holder Ex #5,12245-59B-0000,,,,,,,NO-MACOLA,Component
CatalogNoMacola,,,Exhaust #5,12245-6MA -0000,,,,,,,NO-MACOLA,Component
CatalogNoMacola,,,RPY Cam Holder Ex #5,12245-RPY -G000,,,,,,,NO-MACOLA,Component
CatalogNoMacola,,,RPY Cam Holder Ex #5 (machined),12245-RPY -G000-M,,,,,,,NO-MACOLA,SubAssembly
CatalogNoMacola,,,RPY Cam Holder Ex #6,12246-RPY -G000,,,,,,,NO-MACOLA,Component
CatalogNoMacola,,,RPY Cam Holder Ex #6 (machined),12246-RPY -G000-M,,,,,,,NO-MACOLA,SubAssembly
CatalogNoMacola,,,RPY Rocker Shaft #1,12261-RPY -G000,,,,,,,NO-MACOLA,Component
CatalogNoMacola,,,RPY Rocker Shaft #1 (machined),12261-RPY -G000-M,,,,,,,NO-MACOLA,SubAssembly
CatalogNoMacola,,,RPY Rocker Shaft #2,12262-RPY -G000,,,,,,,NO-MACOLA,Component
CatalogNoMacola,,,RPY Rocker Shaft #2 (machined),12262-RPY -G000-M,,,,,,,NO-MACOLA,SubAssembly
CatalogNoMacola,,,RPY Rocker Shaft #3,12263-RPY -G000,,,,,,,NO-MACOLA,Component
CatalogNoMacola,,,RPY Rocker Shaft #3 (machined),12263-RPY -G000-M,,,,,,,NO-MACOLA,SubAssembly
CatalogNoMacola,,,RPY Rocker Shaft #4,12264-RPY -G000,,,,,,,NO-MACOLA,Component
CatalogNoMacola,,,RPY Rocker Shaft #4 (machined),12264-RPY -G000-M,,,,,,,NO-MACOLA,SubAssembly
CatalogNoMacola,,,5BA Rocker Shaft #5,12265-5BA -G000,,,,,,,NO-MACOLA,Component
CatalogNoMacola,,,5BA Rocker Shaft #5 (machined),12265-5BA -G000-M,,,,,,,NO-MACOLA,SubAssembly
CatalogNoMacola,,,5BA Rocker Shaft #5,12265-6B2 -A000,,,,,,,NO-MACOLA,Component
CatalogNoMacola,,,5BA Rocker Shaft #5 (machined),12265-6B2 -A000-M,,,,,,,NO-MACOLA,SubAssembly
CatalogNoMacola,,,RPY Rocker Shaft #5,12265-RPY -G000,,,,,,,NO-MACOLA,Component
CatalogNoMacola,,,RPY Rocker Shaft #5 (machined),12265-RPY -G000-M,,,,,,,NO-MACOLA,SubAssembly
CatalogNoMacola,,,5PA Fuel Pump,12270-5PA -A000,,,,,,,NO-MACOLA,FinishedGood
CatalogNoMacola,,,5PA Fuel Pump Raw,12270-5PAA,,,,,,,NO-MACOLA,Component
CatalogNoMacola,,,5PA Fuel Pump Raw (machined),12270-5PAA-M,,,,,,,NO-MACOLA,SubAssembly
CatalogNoMacola,,,66V Fuel Pump,12270-66V -A000,,,,,,,NO-MACOLA,FinishedGood
CatalogNoMacola,,,66V Fuel Pump Raw,12270-66VA,,,,,,,NO-MACOLA,Component
CatalogNoMacola,,,6B2 Fuel Pump,12270-6B2 -A000,,,,,,,NO-MACOLA,FinishedGood
CatalogNoMacola,,,6B2 Fuel Pump Raw,12270-6B2A,,,,,,,NO-MACOLA,Component
CatalogNoMacola,,,6B2 Fuel Pump Raw (machined),12270-6B2A-M,,,,,,,NO-MACOLA,SubAssembly
CatalogNoMacola,,,6MA Fuel Pump,12270-6MA -J000,,,,,,,NO-MACOLA,FinishedGood
CatalogNoMacola,,,6MD Fuel Pump,12270-6MD -A000,,,,,,,NO-MACOLA,FinishedGood
CatalogNoMacola,,,6NA Fuel Pump Base Casting (raw),12270-6NA,,,,,,,NO-MACOLA,Component
CatalogNoMacola,,,6NA Fuel Pump,12270-6NA -0001,,,,,,,NO-MACOLA,FinishedGood
CatalogNoMacola,,,6NA Fuel Pump,12270-6NA -A000,,,,,,,NO-MACOLA,FinishedGood
CatalogNoMacola,,,6NA Fuel Pump Base Machined (synth SA),12270-6NA-M,,,,,,,NO-MACOLA,SubAssembly
CatalogNoMacola,,,6NA Fuel Pump Raw,12270-6NAA,,,,,,,NO-MACOLA,Component
CatalogNoMacola,,,6NA Fuel Pump Raw (machined),12270-6NAA-M,,,,,,,NO-MACOLA,SubAssembly
CatalogNoMacola,,,6VJ Fuel Pump,12270-6VJ -A000,,,,,,,NO-MACOLA,FinishedGood
CatalogNoMacola,,,6VJ Fuel Pump Raw,12270-6VJA,,,,,,,NO-MACOLA,Component
CatalogNoMacola,,,6VJ Fuel Pump Raw (machined),12270-6VJA-M,,,,,,,NO-MACOLA,SubAssembly
CatalogNoMacola,,,RPY Fuel Pump,12270-RPY -G001,,,,,,,NO-MACOLA,FinishedGood
CatalogNoMacola,,,RPY Fuel Pump Raw,12270-RPYA,,,,,,,NO-MACOLA,Component
CatalogNoMacola,,,RPY Lower Cam Holder #1,12271-RPY -G000,,,,,,,NO-MACOLA,Component
CatalogNoMacola,,,RPY Lower Cam Holder #1 (machined),12271-RPY -G000-M,,,,,,,NO-MACOLA,SubAssembly
CatalogNoMacola,,,RPY Lower Cam Holder #2,12272-RPY -G000,,,,,,,NO-MACOLA,Component
CatalogNoMacola,,,RPY Lower Cam Holder #2 (machined),12272-RPY -G000-M,,,,,,,NO-MACOLA,SubAssembly
CatalogNoMacola,,,RPY Lower Cam Holder #3,12273-RPY -G000,,,,,,,NO-MACOLA,Component
CatalogNoMacola,,,RPY Lower Cam Holder #3 (machined),12273-RPY -G000-M,,,,,,,NO-MACOLA,SubAssembly
CatalogNoMacola,,,RPY Lower Cam Holder #4,12274-RPY -G000,,,,,,,NO-MACOLA,Component
CatalogNoMacola,,,RPY Lower Cam Holder #4 (machined),12274-RPY -G000-M,,,,,,,NO-MACOLA,SubAssembly
CatalogNoMacola,,,6FB Cam Rocker 1,12431-6FB -A000,,,,,,,NO-MACOLA,FinishedGood
CatalogNoMacola,,,6FB Cam Rocker 1 Raw,12431-6FBA-A000,,,,,,,NO-MACOLA,Component
CatalogNoMacola,,,Thrust Washer,146465GO A000,,,,,,,NO-MACOLA,Component
CatalogNoMacola,,,"Holder Assy, RKR SHAFT FR",14650-5GO -A000,,,,,,,NO-MACOLA,FinishedGood
CatalogNoMacola,,,"Holer Assy, RKR Shaft RR",14660-5GO -A000,,,,,,,NO-MACOLA,FinishedGood
CatalogNoMacola,,,6MD Oil Jet,14850-6MD -A000,,,,,,,NO-MACOLA,FinishedGood
CatalogNoMacola,,,6MD Manifold Plate,17145-6MD -A000,,,,,,,NO-MACOLA,FinishedGood
CatalogNoMacola,,,6MD Manifold Plate Raw,17145-6MDA,,,,,,,NO-MACOLA,Component
CatalogNoMacola,,,Thermostat,19300-6CA-A010-M2,,,,,,,NO-MACOLA,Component
CatalogNoMacola,,,6MA Cover Thermo,19311-6MAA-J011,,,,,,,NO-MACOLA,Component
CatalogNoMacola,,,6A0 Thermo Case Manual,19320-6A0 -A010,,,,,,,NO-MACOLA,FinishedGood
CatalogNoMacola,,,6A0 Thermo Case Auto (AEP),19320-6A0 -A510-AEP,,,,,,,NO-MACOLA,FinishedGood
CatalogNoMacola,,,6A0 Thermo Case Auto (ISP),19320-6A0 -A510-ISP,,,,,,,NO-MACOLA,FinishedGood
CatalogNoMacola,,,6MA Case Comp Thermo,19320-6MAA-J020,,,,,,,NO-MACOLA,Component
CatalogNoMacola,,,64S Thermo Case,19321-64S -A000,,,,,,,NO-MACOLA,FinishedGood
CatalogNoMacola,,,66V Thermo Case,19321-66V -A000,,,,,,,NO-MACOLA,FinishedGood
CatalogNoMacola,,,66V Thermo Case,19321-66V-A100,,,,,,,NO-MACOLA,FinishedGood
CatalogNoMacola,,,Thermo Case Sub Assembly,1932A-69F -A000,,,,,,,NO-MACOLA,FinishedGood
CatalogNoMacola,,,6A0 Water Passage (AEP),19410-6A0 -A000-AEP,,,,,,,NO-MACOLA,FinishedGood
CatalogNoMacola,,,6A0 Water Passage (ISP),19410-6A0 -A000-ISP,,,,,,,NO-MACOLA,FinishedGood
CatalogNoMacola,,,6MD Water Passage,19410-6MD -A000,,,,,,,NO-MACOLA,FinishedGood
CatalogNoMacola,,,Pin 21001,21001 pin,,,,,,,NO-MACOLA,Component
CatalogNoMacola,,,RVS Piston Brake,22533-RJ2 -0000,,,,,,,NO-MACOLA,FinishedGood
CatalogNoMacola,,,5G0 Front Cover Finished Good,5G0-FG,,,,,,,NO-MACOLA,FinishedGood
CatalogNoMacola,,,5G0 Front Cover Sub-Assembly,5G0-SA,,,,,,,NO-MACOLA,SubAssembly
CatalogNoMacola,,,5G0 Front Cover Casting,5G0-c,,,,,,,NO-MACOLA,Component
CatalogNoMacola,,,Drain Plug Bolt,900009-R70-A000,,,,,,,NO-MACOLA,Component
CatalogNoMacola,,,14mm Bolt Plug,90009-RDJ-A000,,,,,,,NO-MACOLA,Component
CatalogNoMacola,,,9x14 Dowel Pin,90701-5A2-A000,,,,,,,NO-MACOLA,Component
CatalogNoMacola,,,Dowel Pin 9x10 (purchased),90701-5R0-3000,,,,,,,NO-MACOLA,Component
CatalogNoMacola,,,9x10 Dowel Pin,90701-5RO-3000,,,,,,,NO-MACOLA,Component
CatalogNoMacola,,,6x12 Stud Bolt,92900-06012-0B,,,,,,,NO-MACOLA,Component
CatalogNoMacola,,,6x14 Stud Bolt,92900-0614-1B,,,,,,,NO-MACOLA,Component
CatalogNoMacola,,,Ex A Rocker Arm Assembly,P146125GO A000,,,,,,,NO-MACOLA,Component
CatalogNoMacola,,,Ex B Rocker Arm Assembly,P146145GO A000,,,,,,,NO-MACOLA,Component
CatalogNoMacola,,,In Rocker Arm Assembly,P146205GO A000,,,,,,,NO-MACOLA,Component
CatalogNoMacola,,,Ex A Rocker Arm Assembly,P146245GO A000,,,,,,,NO-MACOLA,Component
CatalogNoMacola,,,Ex B Rocker Arm Assembly,P146275GO A000,,,,,,,NO-MACOLA,Component
CatalogNoMacola,,,In Rocker Arm Assembly,P146405GO A000,,,,,,,NO-MACOLA,Component
CatalogNoMacola,,,Ex Rocker Arm Spring,P146455GO A000,,,,,,,NO-MACOLA,Component
CatalogNoMacola,,,Flange Bolt,P90002-5GO-A000,,,,,,,NO-MACOLA,Component
