AssetTag,ToolKind,Status,StatusName,Description,Family,Component,DieGeneration,Customer,CavityCount,MacolaParts,Cavities,TotalShots,GoodShots,ShotLifePlanned,OverPlannedLife,Restated,Vendor,Acquired,Source,Note
DM0001,DieMold,,Not in shots report,59B/5PA Fuel Pump die L,59B/5PA,FuelPump,L,,,,,,,,,,Davis Tool,2019-01-28,asset only,"no matching die in the shots report (retired, or naming mismatch)"
DM0002,DieMold,,Not in shots report,59B/5PA Fuel Pump die M,59B/5PA,FuelPump,M,,,,,,,,,,Davis Tool,2019-01-28,asset only,"no matching die in the shots report (retired, or naming mismatch)"
DM0003,DieMold,B,Backup,5PA Oil Pan die G,5PA,OilPan,G,Honda,1,624-090,624-090 5PA Oil Pan,288695,264507,200000,,,Davis Tool,2019-01-28,asset+report,
DM0004,DieMold,,Not in shots report,"59B C/H IN/EX 1,5 die G",59B,CamHolder,G,,,,,,,,,,Metts,2019-01-28,asset only,"no matching die in the shots report (retired, or naming mismatch)"
DM0005,DieMold,,Not in shots report,"59B c/H IN/EX 2,3,4 die G",59B,CamHolder,G,,,,,,,,,,Metts,2019-01-28,asset only,"no matching die in the shots report (retired, or naming mismatch)"
DM0006,DieMold,B,Backup,5PA Oil Pan die I,5PA,OilPan,I,Honda,1,624-090,624-090 5PA Oil Pan,246824,221468,200000,,,Hellebusch,2019-03-06,asset+report,
DM0007,DieMold,B,Backup,"RPY c/h IN 5, EX 5,6 die D",RPY,CamHolder,D,Honda,3,"124-090,129-090,130-090",124-090 RPY Holder Comp No 5 in Cam; 129-090 RPY Holder Comp No 5 Ex Cam; 130-090 RPY Holder Comp No 6 Ex Cam,194505,184442,200000,,,Accu-Die,2019-01-28,asset+report,
DM0008,DieMold,,Not in shots report,RPY R/S #1 die F,RPY,RockerShaft,F,,,,,,,,,,Davis Tool,2019-01-28,asset only,"no matching die in the shots report (retired, or naming mismatch)"
DM0009,DieMold,,Not in shots report,"RPY R/S 2,3,4 die F",RPY,RockerShaft,F,,,,,,,,,,Davis Tool,2019-01-28,asset only,"no matching die in the shots report (retired, or naming mismatch)"
DM0010,DieMold,C,Current,5PA Oil Pan die H,5PA,OilPan,H,Honda,1,624-090,624-090 5PA Oil Pan,209377,188327,200000,,,Davis Tool,2019-01-28,asset+report,
DM0011,DieMold,B,Backup,6B2 r/s #5 die C,6B2,RockerShaft,C,Honda,1,629-090,629-090 6B2 HOLDER COMP NO5 R/S (DC),196132,181610,150000,,,Accu-Die,2019-03-06,asset+report,
DM0012,DieMold,B,Backup,RPY Compressor Bracket die D,RPY,CompressorBracket,D,Honda,1,643-090,643-090 RPY COMPRESSOR BRACKET MPP,161026,152020,150000,,,Accu-Die,2019-03-06,asset+report,
DM0013,DieMold,B,Backup,RPY Cam Holder Ex #1-4 die D,RPY,CamHolder,D,Honda,4,"125-090,126-090,127-090,128-090",125-090 RPY Holder Comp No 1 Ex Cam; 126-090 RPY Holder Comp No 2 Ex Cam; 127-090 RPY Holder Comp No 3 Ex Cam; 128-090 RPY Holder Comp No 4 Ex Cam,179844,168610,150000,,RPY c/h EX 1-4 die D(ordered in 2018),Accu-Die,2019-03-12,asset+report,
DM0014,DieMold,B,Backup,5BA Side Cover die G,5BA,SideCover,G,Honda,1,154-090,154-090 5BA Side Cover,137606,130325,200000,,,Metts,2019-03-19,asset+report,
DM0015,DieMold,B,Backup,"5G0 R/S 1,2,3 Die I",5GO,RockerShaft,I,Honda Anna Eng Plnt,3,"578-090,579-090,580-090",578-090 5GO R/S #1    DC; 579-090 5GO R/S #2    DC; 580-090 5GO R/S #3    DC,198469,182545,150000,,,Accu-Die,2019-04-05,asset+report,
DM0016,DieMold,B,Backup,"RPY c/h IN 1,2,3,4 die D",RPY,CamHolder,D,Honda,4,"120-090,121-090,122-090,123-090",120-090 RPY Holder Comp No 1 In Cam; 121-090 RPY Holder Comp No 2 In Cam; 122-090 RPY Holder Comp No 3 In Cam; 123-090 RPY Holder Comp No 4 In Cam,255461,243714,200000,,,Accu-Die,2019-04-05,asset+report,
DM0017,DieMold,C,Current,64AA Oil Pan die A,64A,OilPan,A,Honda,1,648-090,648-090 64A Oil Pan,139908,129722,100000,YES,,Davis Tool,2019-05-20,asset+report,
DM0018,DieMold,C,Current,5J6-1 Oil Pan die H,5J6,OilPan,H,Honda Alabama,1,155-090,155-090 5J6-1 OIL PAN     DC,196600,185266,200000,,,Mangas Tool,2019-06-07,asset+report,
DM0019,DieMold,B,Backup,"59B c/h IN EX 1,5 die H",59B,CamHolder,H,Honda Anna Eng Plnt,4,"187-090,191-090,192-090,196-090",187-090 59B In Cam No 1 MPP; 191-090 59B In Cam No 5 MPP; 192-090 59B In Cam Ex 1 MPP; 196-090 59B In Cam Ex 5 MPP,225459,220773,150000,,,Accu-Die,2019-06-28,asset+report,
DM0020,DieMold,B,Backup,"59B c/h IN EX 2,3,4 die H",59B,CamHolder,H,Honda Anna Eng Plnt,6,"188-090,189-090,190-090,193-090,194-090,195-090",188-090 59B In Cam No 2 MPP; 189-090 59B In Cam No 3 MPP; 190-090 59B In Cam No 4 MPP; 193-090 59B In Cam Ex 2 MPP; 194-090 59B In Cam Ex 3 MPP; 195-090 59B In Cam Ex 4 MPP,216434,211824,150000,,,Accu-Die,2019-06-28,asset+report,
DM0021,DieMold,,Not in shots report,5BA R/S #5 Die G,5BA,RockerShaft,G,,,,,,,,,,Accu-Die,2019-09-12,asset only,"no matching die in the shots report (retired, or naming mismatch)"
DM0022,DieMold,C,Current,5BA Side Cover Die H,5BA,SideCover,H,Honda,1,154-090,154-090 5BA Side Cover,323584,309252,200000,YES,,Metts,2019-09-12,asset+report,
DM0023,DieMold,C,Current,6B2 Fuel Pump die D,6B2,FuelPump,D,Honda,1,631-090,631-090 6B2 BASE COMP FUEL PUMP (DC),239473,214623,175000,YES,,Davis Tool,2019-09-27,asset+report,
DM0024,DieMold,C,Current,"59B/5PA Fuel Pump die ""N""",59B/5PA,FuelPump,N,Honda,2,"143-090,152-090",143-090 5PA Fuel Pump; 152-090 59B Base Comp Fuel Pump,205151,198276,200000,,,Davis Tool,2020-01-15,asset+report,combo die - 2 report entries summed
DM0025,DieMold,,Not in shots report,"59B/5PA Fuel Pump die ""O""",59B/5PA,FuelPump,O,,,,,,,,,,Davis Tool,2020-01-15,asset only,"no matching die in the shots report (retired, or naming mismatch)"
DM0026,DieMold,C,Current,"5J6-1 Oil Pan die ""I""",5J6,OilPan,I,Honda Alabama,1,155-090,155-090 5J6-1 OIL PAN     DC,212189,193778,200000,,,Mangas Tool,2020-01-15,asset+report,
DM0027,DieMold,B,Backup,"RPY R/S #1 die ""G""",RPY,RockerShaft,G,Honda,1,135-090,135-090 RPY Holder Comp No 1 Rkr Shaft,294205,282872,175000,,,Davis Tool,2020-01-15,asset+report,
DM0028,DieMold,B,Backup,"RPY R/S #2,3,4 die ""G""",RPY,RockerShaft,G,Honda,3,"136-090,137-090,138-090",136-090 RPY Holder Comp No 2 Rkr Shaft; 137-090 RPY Holder Comp No 3 Rkr Shaft; 138-090 RPY Holder Comp No 4 Rkr Shaft,210216,204584,175000,,,Davis Tool,2020-01-15,asset+report,
DM0029,DieMold,C,Current,"RPY C/H Ex. #1-4 die ""F""",RPY,CamHolder,F,Honda,4,"125-090,126-090,127-090,128-090",125-090 RPY Holder Comp No 1 Ex Cam; 126-090 RPY Holder Comp No 2 Ex Cam; 127-090 RPY Holder Comp No 3 Ex Cam; 128-090 RPY Holder Comp No 4 Ex Cam,241586,233855,200000,YES,,Accu-Die,2020-01-15,asset+report,
DM0030,DieMold,C,Current,"RPY C/H Ex. Lwr. #1-4 die ""F""",RPY,CamHolder,F,Honda,4,"131-090,132-090,133-090,134-090",131-090 RPY Holder Comp No 1 Exh Cam Lwr; 132-090 RPY Holder Comp No 2 Exh Cam Lwr; 133-090 RPY Holder Comp No 3 Exh Cam Lwr; 134-090 RPY Holder Comp No 4 Exh Cam Lwr,326537,313906,200000,YES,,Accu-Die,2020-01-15,asset+report,
DM0031,DieMold,C,Current,"6B2 R/S #5 die ""D""",6B2,RockerShaft,D,Honda,1,629-090,629-090 6B2 HOLDER COMP NO5 R/S (DC),163200,148345,150000,,,Accu-Die,2020-01-15,asset+report,
DM0032,DieMold,C,Current,"5PA Oil Pan die ""J""",5PA,OilPan,J,Honda,1,624-090,624-090 5PA Oil Pan,136922,124753,200000,,,Hellebusch,2020-07-08,asset+report,
DM0033,DieMold,C,Current,"59B/5PA Fuel Pump die ""P""",59B/5PA,FuelPump,P,Honda,2,"143-090,152-090",143-090 5PA Fuel Pump; 152-090 59B Base Comp Fuel Pump,218619,208980,200000,,,Davis Tool,2020-07-21,asset+report,combo die - 2 report entries summed
DM0034,DieMold,C,Current,"59B/5PA Fuel Pump die ""Q""",59B/5PA,FuelPump,Q,Honda,2,"143-090,152-090",143-090 5PA Fuel Pump; 152-090 59B Base Comp Fuel Pump,191060,184627,200000,,,Davis Tool,2020-07-21,asset+report,combo die - 2 report entries summed
DM0035,DieMold,B,Backup,"59B C/H #1,5 die ""J""",59B,CamHolder,J,Honda Anna Eng Plnt,4,"187-090,191-090,192-090,196-090",187-090 59B In Cam No 1 MPP; 191-090 59B In Cam No 5 MPP; 192-090 59B In Cam Ex 1 MPP; 196-090 59B In Cam Ex 5 MPP,269450,261620,150000,,,Accu-Die,2020-07-21,asset+report,
DM0036,DieMold,B,Backup,"59B C/H #2,3,4 die ""J""",59B,CamHolder,J,Honda Anna Eng Plnt,6,"188-090,189-090,190-090,193-090,194-090,195-090",188-090 59B In Cam No 2 MPP; 189-090 59B In Cam No 3 MPP; 190-090 59B In Cam No 4 MPP; 193-090 59B In Cam Ex 2 MPP; 194-090 59B In Cam Ex 3 MPP; 195-090 59B In Cam Ex 4 MPP,280124,273207,150000,,,Accu-Die,2020-07-21,asset+report,
DM0037,DieMold,B,Backup,"5BA R/S #5 die ""H""",5BA,RockerShaft,H,Honda,1,140-090,140-090 5BAA Holder Comp #5 R/S,180963,171698,150000,,,Accu-Die,2020-07-21,asset+report,
DM0038,DieMold,C,Current,"5GO R/S #1,2,3 die ""J""",5GO,RockerShaft,J,Honda Anna Eng Plnt,3,"578-090,579-090,580-090",578-090 5GO R/S #1    DC; 579-090 5GO R/S #2    DC; 580-090 5GO R/S #3    DC,306637,283905,150000,YES,,Accu-Die,2020-08-12,asset+report,
DM0039,DieMold,C,Current,"RPY Compressor Bracket die ""E""",RPY,CompressorBracket,E,Honda,1,643-090,643-090 RPY COMPRESSOR BRACKET MPP,243415,232657,150000,YES,,Accu-Die,2020-08-12,asset+report,
DM0040,DieMold,C,Current,"RPY C/H IN #1-4 die ""F""",RPY,CamHolder,F,Honda,4,"120-090,121-090,122-090,123-090",120-090 RPY Holder Comp No 1 In Cam; 121-090 RPY Holder Comp No 2 In Cam; 122-090 RPY Holder Comp No 3 In Cam; 123-090 RPY Holder Comp No 4 In Cam,361554,348529,200000,YES,,Accu-Die,2020-08-12,asset+report,
DM0041,DieMold,C,Current,"5PA Oil Pan die ""K""",5PA,OilPan,K,Honda,1,624-090,624-090 5PA Oil Pan,42055,38134,200000,,,Davis Tool,2020-08-12,asset+report,
DM0042,DieMold,C,Current,"5J6-1 Oil Pan die ""J""",5J6,OilPan,J,Honda Alabama,1,155-090,155-090 5J6-1 OIL PAN     DC,290719,265852,200000,YES,,Mangas Tool,2020-08-12,asset+report,
DM0043,DieMold,C,Current,"5J6-1 Oil Pan die ""K""",5J6,OilPan,K,Honda Alabama,1,155-090,155-090 5J6-1 OIL PAN     DC,195915,179247,200000,,,Mangas Tool,2020-08-12,asset+report,
DM0044,DieMold,C,Current,"RPY C/H #5,5,6 die ""F""",RPY,CamHolder,F,Honda,3,"124-090,129-090,130-090",124-090 RPY Holder Comp No 5 in Cam; 129-090 RPY Holder Comp No 5 Ex Cam; 130-090 RPY Holder Comp No 6 Ex Cam,246488,230892,200000,YES,,Accu-Die,2020-09-09,asset+report,
DM0045,DieMold,C,Current,"64AA Oil Pan die ""B""",64A,OilPan,B,Honda,1,648-090,648-090 64A Oil Pan,228060,207924,175000,YES,,Davis Tool,2020-09-09,asset+report,
DM0046,DieMold,C,Current,"59B/5PA Fuel Pump die ""R""",59B/5PA,FuelPump,R,Honda,2,"143-090,152-090",143-090 5PA Fuel Pump; 152-090 59B Base Comp Fuel Pump,153243,148593,200000,,,Davis Tool,2020-10-05,asset+report,combo die - 2 report entries summed
DM0047,DieMold,C,Current,"59B/5PA Fuel Pump die ""S""",59B/5PA,FuelPump,S,Honda,2,"143-090,152-090",143-090 5PA Fuel Pump; 152-090 59B Base Comp Fuel Pump,369671,355570,200000,YES,,Davis Tool,2020-10-05,asset+report,combo die - 2 report entries summed
DM0048,DieMold,W,Waiting for Approval,"6B2 Fuel Pump die ""E""",6B2,FuelPump,E,Honda,1,631-090,631-090 6B2 BASE COMP FUEL PUMP (DC),174789,158312,175000,,,Davis Tool,2020-10-05,asset+report,
DM0049,DieMold,C,Current,"6FBA Oil Pan die ""A""",6FB,OilPan,A,Honda,1,646-090,646-090 6FB Oil Pan,237745,218190,100000,YES,,Mangas Tool,2020-11-24,asset+report,
DM0050,DieMold,C,Current,"6MA C/H #1,5 die ""A""",6MA,CamHolder,A,Honda Anna Eng Plnt,4,"652-090,656-090,657-090,661-090",652-090 6MAA HOLDCOMP NO1 INTAKE (DC); 656-090 6MAA HOLDCOMP NO5 INTAKE (DC); 657-090 6MAA HOLDCOMP NO1 EXHAUST (DC); 661-090 6MAA HOLDCOMP NO5 EXHAUST (DC),201390,195519,100000,YES,,Metts,2020-12-22,asset+report,
DM0051,DieMold,C,Current,"6MA C/H #2,3,4 die ""A""",6MA,CamHolder,A,Honda Anna Eng Plnt,6,"653-090,654-090,655-090,658-090,659-090,660-090",653-090 6MAA HOLDCOMP NO2 INTAKE (DC); 654-090 6MAA HOLDCOMP NO3 INTAKE (DC); 655-090 6MAA HOLDCOMP NO4 INTAKE (DC); 658-090 6MAA HOLDCOMP NO2 EXHAUST (DC); 659-090 6MAA HOLDCOMP NO3 EXHAUST (DC); 660-090 6MAA HOLDCOMP NO4 EXHAUST (DC),312598,305641,100000,YES,,Metts,2020-12-22,asset+report,
DM0052,DieMold,C,Current,"6FBA Oil Passage die ""A""",6FB,OilPassage,A,Honda Anna Eng Plnt,1,645-090,"645-090 6FB Holder Comp, Oil Pass FRDC",101910,95123,100000,,,Metts,2021-01-06,asset+report,
DM0053,DieMold,,Not in shots report,"6FBA Holder Comp. #1 die ""A""",6FB,CamHolder,A,,,,,,,,,,Metts,2021-01-06,asset only,"no matching die in the shots report (retired, or naming mismatch)"
DM0054,DieMold,B,Backup,"6MA Oil Pan die ""A""",6MA,OilPan,A,Honda Anna Eng Plnt,1,664-090,664-090 6MA Oil Pan (69F Finished),261059,240436,100000,,,Metts,2021-05-10,asset+report,
DM0055,DieMold,B,Backup,"5BA R/S #5 die ""I""",5BA,RockerShaft,I,Honda,1,140-090,140-090 5BAA Holder Comp #5 R/S,191368,185127,150000,,,Accu-Die,2021-02-08,asset+report,
DM0056,DieMold,C,Current,"6B2 R/S #5 die ""E""",6B2,RockerShaft,E,Honda,1,629-090,629-090 6B2 HOLDER COMP NO5 R/S (DC),168332,155697,150000,YES,,Accu-Die,2021-03-08,asset+report,
DM0057,DieMold,C,Current,"RPY R/S #1 die ""H""",RPY,RockerShaft,H,Honda,1,135-090,135-090 RPY Holder Comp No 1 Rkr Shaft,244419,237290,175000,YES,,Davis Tool,2021-02-08,asset+report,
DM0058,DieMold,C,Current,"RPY R/S #2,3,4 die ""H""",RPY,RockerShaft,H,Honda,3,"136-090,137-090,138-090",136-090 RPY Holder Comp No 2 Rkr Shaft; 137-090 RPY Holder Comp No 3 Rkr Shaft; 138-090 RPY Holder Comp No 4 Rkr Shaft,342175,332069,175000,YES,,Davis Tool,2021-02-08,asset+report,
DM0059,DieMold,C,Current,"59B C/H #1,5 die ""K""",59B,CamHolder,K,Honda Anna Eng Plnt,4,"187-090,191-090,192-090,196-090",187-090 59B In Cam No 1 MPP; 191-090 59B In Cam No 5 MPP; 192-090 59B In Cam Ex 1 MPP; 196-090 59B In Cam Ex 5 MPP,389349,379874,150000,YES,,Accu-Die,2021-03-08,asset+report,
DM0060,DieMold,C,Current,"59B C/H #2,3,4 die ""K""",59B,CamHolder,K,Honda Anna Eng Plnt,6,"188-090,189-090,190-090,193-090,194-090,195-090",188-090 59B In Cam No 2 MPP; 189-090 59B In Cam No 3 MPP; 190-090 59B In Cam No 4 MPP; 193-090 59B In Cam Ex 2 MPP; 194-090 59B In Cam Ex 3 MPP; 195-090 59B In Cam Ex 4 MPP,369908,360334,150000,YES,,Accu-Die,2021-03-08,asset+report,
DM0061,DieMold,W,Waiting for Approval,"5BA Side Cover die ""I""",5BA,SideCover,I,Honda,1,154-090,154-090 5BA Side Cover,113322,107702,0,YES,,Metts,2021-06-15,asset+report,
DM0062,DieMold,W,Waiting for Approval,"64A Oil Pan die ""C""",64A,OilPan,C,Honda,1,648-090,648-090 64A Oil Pan,216911,202868,175000,YES,,Davis Tool,2021-06-15,asset+report,
DM0063,DieMold,C,Current,"6NA Fuel Pump die ""A""",6NA,FuelPump,A,Honda Anna Eng Plnt,1,637-090,637-090 6NA FUEL PUMP,163037,155860,100000,YES,,Davis Tool,2021-06-15,asset+report,
DM0064,DieMold,W,Waiting for Approval,"5GO R/S #1,2,3 die ""K""",5GO,RockerShaft,K,Honda Anna Eng Plnt,3,"578-090,579-090,580-090",578-090 5GO R/S #1    DC; 579-090 5GO R/S #2    DC; 580-090 5GO R/S #3    DC,216672,201627,0,YES,,Accu-Die,2021-07-16,asset+report,
DM0065,DieMold,,Not in shots report,"5PA Oil Pan die ""L""",5PA,OilPan,L,,,,,,,,,,Davis Tool,2021-07-16,asset only,"no matching die in the shots report (retired, or naming mismatch)"
DM0066,DieMold,W,Waiting for Approval,"5BA R/S #5 die ""J""",5BA,RockerShaft,J,Honda,1,140-090,140-090 5BAA Holder Comp #5 R/S,229282,214480,150000,YES,,Accu-Die,2021-09-08,asset+report,
DM0067,DieMold,W,Waiting for Approval,RPY Cam Holder Ex #1-4 die G,RPY,CamHolder,G,Honda,4,"125-090,126-090,127-090,128-090",125-090 RPY Holder Comp No 1 Ex Cam; 126-090 RPY Holder Comp No 2 Ex Cam; 127-090 RPY Holder Comp No 3 Ex Cam; 128-090 RPY Holder Comp No 4 Ex Cam,315020,302288,200000,YES,"RPY Ex. #1-4 die ""G""",Accu-Die,2021-09-08,asset+report,
DM0068,DieMold,W,Waiting for Approval,"RPY Compressor Bracket die ""F""",RPY,CompressorBracket,F,Honda,1,643-090,643-090 RPY COMPRESSOR BRACKET MPP,197056,187901,0,YES,,Accu-Die,2021-09-22,asset+report,
DM0069,DieMold,C,Current,"6MA Oil Pan die ""B""",6MA,OilPan,B,Honda Anna Eng Plnt,1,664-090,664-090 6MA Oil Pan (69F Finished),317503,292670,100000,YES,,Metts,2021-10-28,asset+report,
DM0070,DieMold,W,Waiting for Approval,"6MA Oil Pan die ""C""",6MA,OilPan,C,Honda Anna Eng Plnt,1,664-090,664-090 6MA Oil Pan (69F Finished),90613,79791,0,YES,,Davis Tool,2021-10-28,asset+report,
DM0071,DieMold,W,Waiting for Approval,"59B C/H #1,5 die ""L""",59B,CamHolder,L,Honda Anna Eng Plnt,4,"187-090,191-090,192-090,196-090",187-090 59B In Cam No 1 MPP; 191-090 59B In Cam No 5 MPP; 192-090 59B In Cam Ex 1 MPP; 196-090 59B In Cam Ex 5 MPP,327066,316657,0,YES,,Accu-Die,2021-10-28,asset+report,
DM0072,DieMold,W,Waiting for Approval,"59B C/H #2,3,4 die ""L""",59B,CamHolder,L,Honda Anna Eng Plnt,6,"188-090,189-090,190-090,193-090,194-090,195-090",188-090 59B In Cam No 2 MPP; 189-090 59B In Cam No 3 MPP; 190-090 59B In Cam No 4 MPP; 193-090 59B In Cam Ex 2 MPP; 194-090 59B In Cam Ex 3 MPP; 195-090 59B In Cam Ex 4 MPP,334196,323325,0,YES,,Accu-Die,2021-10-28,asset+report,
DM0073,DieMold,W,Waiting for Approval,RPY Cam Holder Ex Lower #1-4 die G,RPY,CamHolder,G,Honda,4,"131-090,132-090,133-090,134-090",131-090 RPY Holder Comp No 1 Exh Cam Lwr; 132-090 RPY Holder Comp No 2 Exh Cam Lwr; 133-090 RPY Holder Comp No 3 Exh Cam Lwr; 134-090 RPY Holder Comp No 4 Exh Cam Lwr,210034,196235,0,YES,"RPY Lower #1-4 die ""G""",Accu-Die,2021-10-28,asset+report,
DM0074,DieMold,W,Waiting for Approval,"59B/5PA Fuel Pump die ""T""",59B/5PA,FuelPump,T,Honda,2,"143-090,152-090",143-090 5PA Fuel Pump; 152-090 59B Base Comp Fuel Pump,279773,267700,200000,YES,,Davis Tool,2021-11-09,asset+report,combo die - 2 report entries summed
DM0075,DieMold,W,Waiting for Approval,"59B/5PA Fuel Pump die ""U""",59B/5PA,FuelPump,U,Honda,2,"143-090,152-090",143-090 5PA Fuel Pump; 152-090 59B Base Comp Fuel Pump,203887,194981,200000,,,Davis Tool,2021-11-09,asset+report,combo die - 2 report entries summed
DM0076,DieMold,W,Waiting for Approval,"6MA C/H #1,5 die ""B""",6MA,CamHolder,B,Honda Anna Eng Plnt,4,"652-090,656-090,657-090,661-090",652-090 6MAA HOLDCOMP NO1 INTAKE (DC); 656-090 6MAA HOLDCOMP NO5 INTAKE (DC); 657-090 6MAA HOLDCOMP NO1 EXHAUST (DC); 661-090 6MAA HOLDCOMP NO5 EXHAUST (DC),202325,195141,0,YES,,Accu-Die,2022-01-19,asset+report,
DM0077,DieMold,W,Waiting for Approval,"6MA C/H #2,3,4 die ""B""",6MA,CamHolder,B,Honda Anna Eng Plnt,6,"653-090,654-090,655-090,658-090,659-090,660-090",653-090 6MAA HOLDCOMP NO2 INTAKE (DC); 654-090 6MAA HOLDCOMP NO3 INTAKE (DC); 655-090 6MAA HOLDCOMP NO4 INTAKE (DC); 658-090 6MAA HOLDCOMP NO2 EXHAUST (DC); 659-090 6MAA HOLDCOMP NO3 EXHAUST (DC); 660-090 6MAA HOLDCOMP NO4 EXHAUST (DC),307622,300853,0,YES,,Accu-Die,2022-01-19,asset+report,
DM0078,DieMold,W,Waiting for Approval,"6FBA Oil Pan die ""B""",6FB,OilPan,B,Honda,1,646-090,646-090 6FB Oil Pan,182644,166667,100000,YES,,Mangas Tool,2022-01-19,asset+report,
DM0079,DieMold,W,Waiting for Approval,"5BA R/S #5 die ""K""",5BA,RockerShaft,K,Honda,1,140-090,140-090 5BAA Holder Comp #5 R/S,329191,314930,0,YES,,Accu-Die,2022-01-19,asset+report,
DM0080,DieMold,W,Waiting for Approval,"6NA Fuel Pump die ""B""",6NA,FuelPump,B,Honda Anna Eng Plnt,1,637-090,637-090 6NA FUEL PUMP,165489,155272,0,YES,,Davis Tool,2022-03-10,asset+report,
DM0081,DieMold,W,Waiting for Approval,"5GO R/S 1,2,3 Die L",5GO,RockerShaft,L,Honda Anna Eng Plnt,3,"578-090,579-090,580-090",578-090 5GO R/S #1    DC; 579-090 5GO R/S #2    DC; 580-090 5GO R/S #3    DC,271799,262275,0,YES,,Accu-Die,2022-08-18,asset+report,
DM0082,DieMold,W,Waiting for Approval,"64a oil pan die ""D""",64A,OilPan,D,Honda,1,648-090,648-090 64A Oil Pan,320673,294869,0,YES,,Meiwa Mold,2022-08-25,asset+report,
DM0083,DieMold,W,Waiting for Approval,"64A oil pan die ""E'",64A,OilPan,E,Honda,1,648-090,648-090 64A Oil Pan,270959,250249,100000,YES,,Davis Tool,2022-08-25,asset+report,
DM0084,DieMold,W,Waiting for Approval,6MDW Intake Manifold Plate Die A,6MD,IntakeManifold,A,Honda Anna Eng Plnt,1,674-090,674-090 6MD Intake Manifold,419918,390265,0,YES,,Metts,2022-09-26,asset+report,
DM0085,DieMold,W,Waiting for Approval,5BS Rocker Shaft # L,5BA,RockerShaft,L,Honda,1,140-090,140-090 5BAA Holder Comp #5 R/S,171864,166218,0,YES,,Accu-Die,2022-11-10,asset+report,
DM0086,DieMold,W,Waiting for Approval,5BA Rocker Shaft #M,5BA,RockerShaft,M,Honda,1,140-090,140-090 5BAA Holder Comp #5 R/S,192332,186005,0,YES,,Accu-Die,2022-11-10,asset+report,
DM0087,TrimDie,,Not in shots report,6MDW Intake Manifold trim #1,6MD,IntakeManifold,,,,,,,,,,6MDW  manifold trim #1,Pederson Tool,2022-12-19,asset only,trim die - the shots report covers die-cast dies only
DM0088,TrimDie,,Not in shots report,5GO Rocker Shaft trim #1 (4 cavity),5GO,RockerShaft,,,,,,,,,,4 cavity 5GO trim # 1,Pederson Tool,2022-12-20,asset only,trim die - the shots report covers die-cast dies only
DM0089,DieMold,W,Waiting for Approval,RPY Rocker Shaft #1 die J,RPY,RockerShaft,J,Honda,1,135-090,135-090 RPY Holder Comp No 1 Rkr Shaft,143576,137274,0,YES,RPY #1 J,Davis Tool,2023-01-25,asset+report,
DM0090,DieMold,W,Waiting for Approval,"RPY Rocker Shaft #2,3,4 die J",RPY,RockerShaft,J,Honda,3,"136-090,137-090,138-090",136-090 RPY Holder Comp No 2 Rkr Shaft; 137-090 RPY Holder Comp No 3 Rkr Shaft; 138-090 RPY Holder Comp No 4 Rkr Shaft,159358,152488,0,YES,"Rpy #2,3,4 J",Davis Tool,2023-01-25,asset+report,
DM0091,DieMold,W,Waiting for Approval,59B/5PA Fuel Pump V,59B/5PA,FuelPump,V,Honda,2,"143-090,152-090",143-090 5PA Fuel Pump; 152-090 59B Base Comp Fuel Pump,89420,84873,0,YES,,Davis Tool,2023-01-25,asset+report,combo die - 2 report entries summed
DM0092,DieMold,,Not in shots report,59B/5PA Fuel Pump W,59B/5PA,FuelPump,W,,,,,,,,,,Davis Tool,2023-01-25,asset only,"no matching die in the shots report (retired, or naming mismatch)"
DM0093,DieMold,W,Waiting for Approval,6Na fuel pump B,6NA,FuelPump,B,Honda Anna Eng Plnt,1,637-090,637-090 6NA FUEL PUMP,165489,155272,0,YES,,Davis Tool,2023-01-25,asset+report,
DM0094,DieMold,W,Waiting for Approval,5BA rocker shaft #L,5BA,RockerShaft,L,Honda,1,140-090,140-090 5BAA Holder Comp #5 R/S,171864,166218,0,YES,,Accu-Die,2023-04-20,asset+report,
DM0095,DieMold,W,Waiting for Approval,5J6-1 Oil Pan die L,5J6,OilPan,L,Honda Alabama,1,155-090,155-090 5J6-1 OIL PAN     DC,239130,220181,0,YES,5J6-1 L die,Mangas Tool,2023-04-03,asset+report,
DM0096,DieMold,W,Waiting for Approval,6VJ Fuel Pump A,6VJ,FuelPump,A,Honda,1,638-090,638-090 6VJ Fuel Pump,200790,190464,0,YES,,Davis Tool,2023-05-09,asset+report,
DM0097,DieMold,W,Waiting for Approval,5J6-1 Oil Pan die L,5J6,OilPan,L,Honda Alabama,1,155-090,155-090 5J6-1 OIL PAN     DC,239130,220181,0,YES,5J6-1 L die,Meiwa Mold,2023-07-26,asset+report,
DM0098,DieMold,W,Waiting for Approval,5Ba #5 R/S M,5BA,RockerShaft,M,Honda,1,140-090,140-090 5BAA Holder Comp #5 R/S,192332,186005,0,YES,,Accu-Die,2023-08-31,asset+report,
DM0099,DieMold,W,Waiting for Approval,6B2 Rocker Shaft #5 die F,6B2,RockerShaft,F,Honda,1,629-090,629-090 6B2 HOLDER COMP NO5 R/S (DC),112977,104705,0,YES,6Ba #5 R/S F,Accu-Die,2023-08-31,asset+report,
DM0100,DieMold,W,Waiting for Approval,RPY Cam Holder IN.1-4 G,RPY,CamHolder,G,Honda,4,"120-090,121-090,122-090,123-090",120-090 RPY Holder Comp No 1 In Cam; 121-090 RPY Holder Comp No 2 In Cam; 122-090 RPY Holder Comp No 3 In Cam; 123-090 RPY Holder Comp No 4 In Cam,179557,168938,0,YES,,Accu-Die,2023-11-17,asset+report,
DM0101,DieMold,W,Waiting for Approval,"RPY Cam holder 5,5,6 G",RPY,CamHolder,G,Honda,3,"124-090,129-090,130-090",124-090 RPY Holder Comp No 5 in Cam; 129-090 RPY Holder Comp No 5 Ex Cam; 130-090 RPY Holder Comp No 6 Ex Cam,160220,147302,0,YES,,Accu-Die,2023-11-17,asset+report,
DM0102,DieMold,W,Waiting for Approval,6MA Oil Pan D,6MA,OilPan,D,Honda Anna Eng Plnt,1,664-090,664-090 6MA Oil Pan (69F Finished),357460,323362,0,YES,,Hellebusch,2023-11-21,asset+report,
DM0103,DieMold,W,Waiting for Approval,6MA Oil pan E,6MA,OilPan,E,Honda Anna Eng Plnt,1,664-090,664-090 6MA Oil Pan (69F Finished),200268,184652,0,YES,,Hellebusch,2023-11-21,asset+report,
DM0104,DieMold,W,Waiting for Approval,64A oil Pan F,64A,OilPan,F,Honda,1,648-090,648-090 64A Oil Pan,262752,244116,0,YES,,Davis Tool,2023-12-08,asset+report,
DM0105,DieMold,W,Waiting for Approval,6Na fuel pump C,6NA,FuelPump,C,Honda Anna Eng Plnt,1,637-090,637-090 6NA FUEL PUMP,136029,128493,0,YES,,Davis Tool,2023-12-08,asset+report,
DM0106,DieMold,W,Waiting for Approval,59B/5PA Fuel Pump die V,59B/5PA,FuelPump,V,Honda,2,"143-090,152-090",143-090 5PA Fuel Pump; 152-090 59B Base Comp Fuel Pump,89420,84873,0,YES,59b/5pa V fuel pump,Davis Tool,2024-06-03,asset+report,combo die - 2 report entries summed
DM0107,DieMold,W,Waiting for Approval,59B Cam holder In 1/5 Ex 1/5 M,59B,CamHolder,M,Honda Anna Eng Plnt,4,"187-090,191-090,192-090,196-090",187-090 59B In Cam No 1 MPP; 191-090 59B In Cam No 5 MPP; 192-090 59B In Cam Ex 1 MPP; 196-090 59B In Cam Ex 5 MPP,124409,117744,0,YES,,Accu-Die,2024-01-16,asset+report,
DM0108,DieMold,W,Waiting for Approval,"59B Cam Holder #2,3,4 die M",59B,CamHolder,M,Honda Anna Eng Plnt,6,"188-090,189-090,190-090,193-090,194-090,195-090",188-090 59B In Cam No 2 MPP; 189-090 59B In Cam No 3 MPP; 190-090 59B In Cam No 4 MPP; 193-090 59B In Cam Ex 2 MPP; 194-090 59B In Cam Ex 3 MPP; 195-090 59B In Cam Ex 4 MPP,92236,87891,0,YES,"2,3,4 M",Accu-Die,2024-01-16,asset+report,
DM0109,DieMold,W,Waiting for Approval,"6MA Cam Holder 1,5, C",6MA,CamHolder,C,Honda Anna Eng Plnt,4,"652-090,656-090,657-090,661-090",652-090 6MAA HOLDCOMP NO1 INTAKE (DC); 656-090 6MAA HOLDCOMP NO5 INTAKE (DC); 657-090 6MAA HOLDCOMP NO1 EXHAUST (DC); 661-090 6MAA HOLDCOMP NO5 EXHAUST (DC),226673,216975,0,YES,,Accu-Die,2024-02-13,asset+report,
DM0110,DieMold,W,Waiting for Approval,"6MA Cam Holder 2,3,4 C",6MA,CamHolder,C,Honda Anna Eng Plnt,6,"653-090,654-090,655-090,658-090,659-090,660-090",653-090 6MAA HOLDCOMP NO2 INTAKE (DC); 654-090 6MAA HOLDCOMP NO3 INTAKE (DC); 655-090 6MAA HOLDCOMP NO4 INTAKE (DC); 658-090 6MAA HOLDCOMP NO2 EXHAUST (DC); 659-090 6MAA HOLDCOMP NO3 EXHAUST (DC); 660-090 6MAA HOLDCOMP NO4 EXHAUST (DC),276461,267692,0,YES,,Accu-Die,2024-02-13,asset+report,
DM0111,DieMold,W,Waiting for Approval,RPY rocker shaft #1  J,RPY,RockerShaft,J,Honda,1,135-090,135-090 RPY Holder Comp No 1 Rkr Shaft,143576,137274,0,YES,,Accu-Die,2024-02-21,asset+report,
DM0112,DieMold,W,Waiting for Approval,"RPY Rocker shaft 2,3,4 J",RPY,RockerShaft,J,Honda,3,"136-090,137-090,138-090",136-090 RPY Holder Comp No 2 Rkr Shaft; 137-090 RPY Holder Comp No 3 Rkr Shaft; 138-090 RPY Holder Comp No 4 Rkr Shaft,159358,152488,0,YES,,Accu-Die,2024-02-21,asset+report,
DM0113,DieMold,W,Waiting for Approval,"RPY Cam Holder Ex Lower 1,2,3,4 die H",RPY,CamHolder,H,Honda,4,"131-090,132-090,133-090,134-090",131-090 RPY Holder Comp No 1 Exh Cam Lwr; 132-090 RPY Holder Comp No 2 Exh Cam Lwr; 133-090 RPY Holder Comp No 3 Exh Cam Lwr; 134-090 RPY Holder Comp No 4 Exh Cam Lwr,96601,89056,0,YES,"RPY Lower EX. 1,2,3,4  H",Accu-Die,2024-02-22,asset+report,
DM0114,DieMold,W,Waiting for Approval,"RPY Cam Holder Ex 1,2,3,4 die H",RPY,CamHolder,H,Honda,4,"125-090,126-090,127-090,128-090",125-090 RPY Holder Comp No 1 Ex Cam; 126-090 RPY Holder Comp No 2 Ex Cam; 127-090 RPY Holder Comp No 3 Ex Cam; 128-090 RPY Holder Comp No 4 Ex Cam,75146,71020,0,YES,"RPY Ex. 1,2,3,4   H",Accu-Die,2024-01-22,asset+report,
DM0115,DieMold,W,Waiting for Approval,Astemo Inner Housing die A,,InnerHousing,A,Astemo,1,683-090,683-090 Inner Housing,19844,17493,0,YES,Inner Housing,Metts,2024-04-26,asset+report,
DM0116,DieMold,W,Waiting for Approval,Astemo Inverter Cover Single die A,,InverterCover,A,Astemo,1,681-090,681-090 Cover Inverter Single,5051,4607,0,YES,Single Inverter Cover A die,Metts,2024-04-26,asset+report,
DM0117,DieMold,W,Waiting for Approval,Astemo Intermediate Case Single die A,,IntermediateCase,A,Astemo,1,679-090,679-090 CASE COMP INTERMEDIATE SINGLE,10070,8864,0,YES,Single intermeiate Case A,Metts,2024-04-26,asset+report,
DM0118,DieMold,W,Waiting for Approval,5J6-1 Oil Pan die M,5J6,OilPan,M,Honda Alabama,1,155-090,155-090 5J6-1 OIL PAN     DC,91763,85106,0,YES,5J6-1  M,Meiwa Mold,2024-06-18,asset+report,
DM0119,DieMold,W,Waiting for Approval,6FB oil Pan C,6FB,OilPan,C,Honda,1,646-090,646-090 6FB Oil Pan,303716,282063,0,YES,,Hanson Int.,2024-07-29,asset+report,
DM0120,DieMold,W,Waiting for Approval,6FB oil Pan Cover Insert #2 C Die,6FB,OilPan,C,Honda,1,646-090,646-090 6FB Oil Pan,303716,282063,0,YES,,Hanson Int.,2024-08-15,asset+report,
DM0121,DieMold,W,Waiting for Approval,6MDW Intake Manifold Plate Die B,6MD,IntakeManifold,B,Honda Anna Eng Plnt,1,674-090,674-090 6MD Intake Manifold,1221,716,0,YES,,Meiwa Mold,2024-09-02,asset+report,
DM0122,DieMold,W,Waiting for Approval,5Ba Rocker Shaft #5 N,5BA,RockerShaft,N,Honda,1,140-090,140-090 5BAA Holder Comp #5 R/S,131329,125543,0,YES,,Accu-Die,2024-09-27,asset+report,
DM0123,DieMold,W,Waiting for Approval,6FB Cam Holder #1 B,6FB,CamHolder,B,Honda Anna Eng Plnt,1,644-090,"644-090 6FB Holder Comp, No 1 Cam R",80103,75963,0,YES,,Accu-Die,2024-10-24,asset+report,
DM0124,DieMold,W,Waiting for Approval,"6MA Cam Holder #1,5 die D",6MA,CamHolder,D,Honda Anna Eng Plnt,4,"652-090,656-090,657-090,661-090",652-090 6MAA HOLDCOMP NO1 INTAKE (DC); 656-090 6MAA HOLDCOMP NO5 INTAKE (DC); 657-090 6MAA HOLDCOMP NO1 EXHAUST (DC); 661-090 6MAA HOLDCOMP NO5 EXHAUST (DC),148392,140917,0,YES,6MA cam holder  D  1/5,Accu-Die,2024-12-06,asset+report,
DM0125,DieMold,W,Waiting for Approval,"6MA Cam Holder #2,3,4 die D",6MA,CamHolder,D,Honda Anna Eng Plnt,6,"653-090,654-090,655-090,658-090,659-090,660-090",653-090 6MAA HOLDCOMP NO2 INTAKE (DC); 654-090 6MAA HOLDCOMP NO3 INTAKE (DC); 655-090 6MAA HOLDCOMP NO4 INTAKE (DC); 658-090 6MAA HOLDCOMP NO2 EXHAUST (DC); 659-090 6MAA HOLDCOMP NO3 EXHAUST (DC); 660-090 6MAA HOLDCOMP NO4 EXHAUST (DC),216980,208629,0,YES,"6MA Cam Holder D 2,3,4",Accu-Die,2024-12-06,asset+report,
DM0126,DieMold,W,Waiting for Approval,6MA Oil Pan die E,6MA,OilPan,E,Honda Anna Eng Plnt,1,664-090,664-090 6MA Oil Pan (69F Finished),200268,184652,0,YES,6Ma E Oil Pan,Hanson Int.,2025-01-23,asset+report,
DM0127,DieMold,W,Waiting for Approval,6VJ Fuel Pump B,6VJ,FuelPump,B,Honda,1,638-090,638-090 6VJ Fuel Pump,145846,139218,0,YES,,Davis Tool,2025-01-29,asset+report,
DM0128,DieMold,W,Waiting for Approval,6VJ Fuel Pump C,6VJ,FuelPump,C,Honda,1,638-090,638-090 6VJ Fuel Pump,92617,87425,0,YES,,Davis Tool,2025-01-29,asset+report,
DM0129,DieMold,W,Waiting for Approval,"59B cam Hilder 1,5, N",59B,CamHolder,N,Honda Anna Eng Plnt,4,"187-090,191-090,192-090,196-090",187-090 59B In Cam No 1 MPP; 191-090 59B In Cam No 5 MPP; 192-090 59B In Cam Ex 1 MPP; 196-090 59B In Cam Ex 5 MPP,66042,62907,0,YES,,Accu-Die,2025-02-11,asset+report,
DM0130,DieMold,W,Waiting for Approval,"59B Cam Holder #2,3,4 die N",59B,CamHolder,N,Honda Anna Eng Plnt,6,"188-090,189-090,190-090,193-090,194-090,195-090",188-090 59B In Cam No 2 MPP; 189-090 59B In Cam No 3 MPP; 190-090 59B In Cam No 4 MPP; 193-090 59B In Cam Ex 2 MPP; 194-090 59B In Cam Ex 3 MPP; 195-090 59B In Cam Ex 4 MPP,87795,83458,0,YES,"59B 2,3,4 N",Accu-Die,2025-02-11,asset+report,
DM0131,DieMold,W,Waiting for Approval,5J6-1 Oil Pan die N,5J6,OilPan,N,Honda Alabama,1,155-090,155-090 5J6-1 OIL PAN     DC,54874,49996,0,YES,5J6-! N,Meiwa Mold,2025-02-21,asset+report,
DM0132,DieMold,W,Waiting for Approval,64A Oil Pan die G,64A,OilPan,G,Honda,1,648-090,648-090 64A Oil Pan,131533,119576,0,YES,64A G,Meiwa Mold,2025-02-24,asset+report,
DM0133,DieMold,,Not in shots report,Astemo Intermediate Case Single die B,,IntermediateCase,B,,,,,,,,,Hitachi Case Single Die B,Metts,2025-03-11,asset only,"no matching die in the shots report (retired, or naming mismatch)"
DM0134,DieMold,,Not in shots report,Astemo Inverter Cover Single die B,,InverterCover,B,,,,,,,,,Hitachi Cover Single Die B,Metts,2025-03-11,asset only,"no matching die in the shots report (retired, or naming mismatch)"
DM0135,DieMold,,Not in shots report,Astemo Inner Housing die B,,InnerHousing,B,,,,,,,,,Hitachi Inner Housing Die B,Metts,2025-03-11,asset only,"no matching die in the shots report (retired, or naming mismatch)"
DM0136,DieMold,W,Waiting for Approval,6MA Oil Pan G,6MA,OilPan,G,Honda Anna Eng Plnt,1,664-090,664-090 6MA Oil Pan (69F Finished),249,140,0,YES,,Hanson Int.,2025-03-14,asset+report,
DM0137,DieMold,W,Waiting for Approval,Astemo Inverter Cover Dual die A,,InverterCover,A,Astemo,1,682-090,682-090 Cover Inverter Dual,1962,1598,0,YES,Hitachi Inverter Cover Dual Die A,Metts,2025-03-21,asset+report,
DM0138,DieMold,W,Waiting for Approval,Astemo Intermediate Case Dual die A,,IntermediateCase,A,Astemo,1,680-090,680-090 Case comp Intermediate Dual,1633,1270,0,YES,Hitachi Intermediate Case Dual Die A,Metts,2025-03-21,asset+report,
DM0139,DieMold,,Not in shots report,RPY Rocker Shaft #5 die A,RPY,RockerShaft,A,,,,,,,,,RPY #5 Rocker Shaft,Metts,2025-05-13,asset only,"no matching die in the shots report (retired, or naming mismatch)"
DM0140,DieMold,W,Waiting for Approval,66VT Fuel Pump Die A,66V,FuelPump,A,Honda Anna Eng Plnt,1,686-090,686-090 66V Fuel Pump,7297,6777,0,YES,,Metts,2025-05-13,asset+report,
DM0141,DieMold,W,Waiting for Approval,RPY Rocker Shaft #1 die K,RPY,RockerShaft,K,Honda,1,135-090,135-090 RPY Holder Comp No 1 Rkr Shaft,48221,44973,0,YES,RPY #1 K,Davis Tool,2025-06-10,asset+report,
DM0142,DieMold,W,Waiting for Approval,"RPY Rocker Shaft #2,3,4 die K",RPY,RockerShaft,K,Honda,3,"136-090,137-090,138-090",136-090 RPY Holder Comp No 2 Rkr Shaft; 137-090 RPY Holder Comp No 3 Rkr Shaft; 138-090 RPY Holder Comp No 4 Rkr Shaft,13427,12592,0,YES,"RPY #2,3,4  K",Davis Tool,2025-06-10,asset+report,
DM0143,DieMold,W,Waiting for Approval,5BA Rocker Shaft #5 die O,5BA,RockerShaft,O,Honda,1,140-090,140-090 5BAA Holder Comp #5 R/S,88785,84021,0,YES,5Ba 5  O,Accu-Die,2025-06-11,asset+report,
DM0144,DieMold,W,Waiting for Approval,6FB oil pan D,6FB,OilPan,D,Honda,1,646-090,646-090 6FB Oil Pan,26496,24688,0,YES,,Hanson Int.,2025-06-16,asset+report,
DM0145,DieMold,W,Waiting for Approval,64A oil pan H,64A,OilPan,H,Honda,1,648-090,648-090 64A Oil Pan,248,168,0,YES,,Meiwa Mold,2025-07-16,asset+report,
DM0146,DieMold,W,Waiting for Approval,6FB Cam Holder #1 die C,6FB,CamHolder,C,Honda Anna Eng Plnt,1,644-090,"644-090 6FB Holder Comp, No 1 Cam R",22555,21112,0,YES,6FB C Cam Holder #1,Accu-Die,2025-08-04,asset+report,
DM0147,DieMold,W,Waiting for Approval,"6MA Cam Holder #1,5 die F",6MA,CamHolder,F,Honda Anna Eng Plnt,4,"652-090,656-090,657-090,661-090",652-090 6MAA HOLDCOMP NO1 INTAKE (DC); 656-090 6MAA HOLDCOMP NO5 INTAKE (DC); 657-090 6MAA HOLDCOMP NO1 EXHAUST (DC); 661-090 6MAA HOLDCOMP NO5 EXHAUST (DC),110,78,0,YES,6MA Cam Holder F 1/5,Accu-Die,2025-09-22,asset+report,
DM0148,DieMold,W,Waiting for Approval,"6Ma cam Holder in/Ex 1,2,3,4 F",6MA,CamHolder,F,Honda Anna Eng Plnt,6,"653-090,654-090,655-090,658-090,659-090,660-090",653-090 6MAA HOLDCOMP NO2 INTAKE (DC); 654-090 6MAA HOLDCOMP NO3 INTAKE (DC); 655-090 6MAA HOLDCOMP NO4 INTAKE (DC); 658-090 6MAA HOLDCOMP NO2 EXHAUST (DC); 659-090 6MAA HOLDCOMP NO3 EXHAUST (DC); 660-090 6MAA HOLDCOMP NO4 EXHAUST (DC),100,78,0,YES,,Accu-Die,2025-09-22,asset+report,
DM0149,DieMold,W,Waiting for Approval,"6FBA oil pan die ""E""",6FB,OilPan,E,Honda,1,646-090,646-090 6FB Oil Pan,116,66,0,YES,,Hanson Int.,2026-01-20,asset+report,
DM0150,DieMold,W,Waiting for Approval,"6NA Fuel Pump die ""D""",6NA,FuelPump,D,Honda Anna Eng Plnt,1,637-090,637-090 6NA FUEL PUMP,80,53,0,YES,,Davis Tool,2026-01-20,asset+report,
DM0151,DieMold,W,Waiting for Approval,"6VJ Fuel Pump die ""D""",6VJ,FuelPump,D,Honda,1,638-090,638-090 6VJ Fuel Pump,11257,10664,0,YES,,Davis Tool,2026-01-20,asset+report,
DM0152,DieMold,W,Waiting for Approval,RPY Comp Bracket G,RPY,CompressorBracket,G,Honda,1,643-090,643-090 RPY COMPRESSOR BRACKET MPP,180,123,0,YES,,Accu-Die,2026-01-20,asset+report,
DM0153,DieMold,W,Waiting for Approval,"5GO R/S 1,2,3 Die ""M""",5GO,RockerShaft,M,Honda Anna Eng Plnt,3,"578-090,579-090,580-090",578-090 5GO R/S #1    DC; 579-090 5GO R/S #2    DC; 580-090 5GO R/S #3    DC,110,79,0,YES,,Accu-Die,2026-01-20,asset+report,
DM0154,DieMold,,Not in shots report,5BA Rocker Shaft # 5,5BA,RockerShaft,,,,,,,,,,,Accu-Die,2026-02-11,asset only,"no matching die in the shots report (retired, or naming mismatch)"
DM0155,DieMold,,Not in shots report,64A Oil Pan die I,64A,OilPan,I,,,,,,,,,64A Oil Pan,Meiwa Mold,2026-02-11,asset only,"no matching die in the shots report (retired, or naming mismatch)"
DM0156,DieMold,,Not in shots report,6VJ Fuel Pump die E,6VJ,FuelPump,E,,,,,,,,,6VJ Fuel PumpE,Davis Tool,2026-05-04,asset only,"no matching die in the shots report (retired, or naming mismatch)"
DM0157,DieMold,W,Waiting for Approval,"RPY CamHolder 5,5,6 H",RPY,CamHolder,H,Honda,8,"125-090,126-090,127-090,128-090,131-090,132-090,133-090,134-090",125-090 RPY Holder Comp No 1 Ex Cam; 126-090 RPY Holder Comp No 2 Ex Cam; 127-090 RPY Holder Comp No 3 Ex Cam; 128-090 RPY Holder Comp No 4 Ex Cam; 131-090 RPY Holder Comp No 1 Exh Cam Lwr; 132-090 RPY Holder Comp No 2 Exh Cam Lwr; 133-090 RPY Holder Comp No 3 Exh Cam Lwr; 134-090 RPY Holder Comp No 4 Exh Cam Lwr,171747,160076,0,YES,,Accu-Die,2026-05-04,asset+report,AMBIGUOUS - could not tell which die of the set; 2 entries merged
DM0158,DieMold,W,Waiting for Approval,RPY Cam Holder Intake H,RPY,CamHolder,H,Honda,8,"125-090,126-090,127-090,128-090,131-090,132-090,133-090,134-090",125-090 RPY Holder Comp No 1 Ex Cam; 126-090 RPY Holder Comp No 2 Ex Cam; 127-090 RPY Holder Comp No 3 Ex Cam; 128-090 RPY Holder Comp No 4 Ex Cam; 131-090 RPY Holder Comp No 1 Exh Cam Lwr; 132-090 RPY Holder Comp No 2 Exh Cam Lwr; 133-090 RPY Holder Comp No 3 Exh Cam Lwr; 134-090 RPY Holder Comp No 4 Exh Cam Lwr,171747,160076,0,YES,,Accu-Die,2026-05-04,asset+report,AMBIGUOUS - could not tell which die of the set; 2 entries merged
DM0159,DieMold,,Not in shots report,"59B Cam Holder 1,5 O",59B,CamHolder,O,,,,,,,,,,Accu-Die,2026-05-13,asset only,"no matching die in the shots report (retired, or naming mismatch)"
DM0160,DieMold,,Not in shots report,"59B Cam Holder #1,2,3,4 die O",59B,CamHolder,O,,,,,,,,,"59B Cam Holder  1,2,3,4",Accu-Die,2026-05-13,asset only,"no matching die in the shots report (retired, or naming mismatch)"
DM0161,DieMold,,Not in shots report,6FB Oil Pan F,6FB,OilPan,F,,,,,,,,,,Hanson Int.,2026-05-20,asset only,"no matching die in the shots report (retired, or naming mismatch)"
DM0162,DieMold,,Not in shots report,6GF Oil Pan G,6GF,OilPan,G,,,,,,,,,,Hanson Int.,2026-05-20,asset only,"no matching die in the shots report (retired, or naming mismatch)"
DM0163,DieMold,,Not in shots report,6VJ Fuel Pump ejector insert,6VJ,FuelPump,,,,,,,,,,6VJ Insert  Ejector,Davis Tool,2026-05-20,asset only,"no matching die in the shots report (retired, or naming mismatch)"
DM0164,DieMold,,Not in shots report,5J6-1 Oil Pan die O,5J6,OilPan,O,,,,,,,,,5J6-1 O,Meiwa Mold,2026-07-15,asset only,"no matching die in the shots report (retired, or naming mismatch)"
DM0165,DieMold,,Not in shots report,6FB Oil Passage B,6FB,OilPassage,B,,,,,,,,,,Accu-Die,2026-07-16,asset only,"no matching die in the shots report (retired, or naming mismatch)"
DM0166,DieMold,,Not in shots report,"6MA Cam Holder #1,5 die G",6MA,CamHolder,G,,,,,,,,,6mA Cam Holder g 1/5,Accu-Die,2026-08-20,asset only,"no matching die in the shots report (retired, or naming mismatch)"
DM0167,DieMold,,Not in shots report,"6MA CaM Holder 2,3,4 G",6MA,CamHolder,G,,,,,,,,,,Accu-Die,2026-08-20,asset only,"no matching die in the shots report (retired, or naming mismatch)"
DM0168,DieMold,,Not in shots report,4DOA Oil Pan die A,4DOA,OilPan,A,,,,,,,,,4DOA Oil PanA,Meiwa Mold,2026-08-06,asset only,"no matching die in the shots report (retired, or naming mismatch)"
DM0169,DieMold,,Not in shots report,6MDW Intake Manifold die C,6MD,IntakeManifold,C,,,,,,,,,6MDW C die,Metts,2026-08-12,asset only,"no matching die in the shots report (retired, or naming mismatch)"
DM0170,DieMold,,Not in shots report,5GO Rocker Shaft die N (4 cavity),5GO,RockerShaft,N,,,,,,,,,5GO N die 4 cavity,Accu-Die,2026-08-17,asset only,"no matching die in the shots report (retired, or naming mismatch)"
TD0001,TrimDie,,Not in shots report,5PA Oil Pan Trim Die #5,5PA,OilPan,,,,,,,,,,,Sunset Tool,2019-06-07,asset only,trim die - the shots report covers die-cast dies only
TD0002,TrimDie,,Not in shots report,59B/5PA Fuel Pump trim die #3,59B/5PA,FuelPump,,,,,,,,,,,Sunset Tool,2019-06-28,asset only,trim die - the shots report covers die-cast dies only
TD0003,TrimDie,,Not in shots report,59B/5PA Fuel Pump trim die #4,59B/5PA,FuelPump,,,,,,,,,,,Sunset Tool,2019-07-12,asset only,trim die - the shots report covers die-cast dies only
TD0004,TrimDie,,Not in shots report,64AA Oil Pan trim die #1,64A,OilPan,,,,,,,,,,,Sunset Tool,2019-09-04,asset only,trim die - the shots report covers die-cast dies only
TD0005,TrimDie,,Not in shots report,5BA R/S #5 Trim #3,5BA,RockerShaft,,,,,,,,,,,Sunset Tool,2019-10-29,asset only,trim die - the shots report covers die-cast dies only
TD0006,TrimDie,,Not in shots report,RPY R/S #1 Trim #2,RPY,RockerShaft,,,,,,,,,,,Sunset Tool,2019-10-29,asset only,trim die - the shots report covers die-cast dies only
TD0007,TrimDie,,Not in shots report,5BA Side Cover Trim #3,5BA,SideCover,,,,,,,,,,,Sunset Tool,2019-10-29,asset only,trim die - the shots report covers die-cast dies only
TD0008,TrimDie,,Not in shots report,"5GO R/S #1,2,3 Trim #4",5GO,RockerShaft,,,,,,,,,,,Sunset Tool,2019-10-29,asset only,trim die - the shots report covers die-cast dies only
TD0009,TrimDie,,Not in shots report,5J6-1 Oil Pan Trim Die #3,5J6,OilPan,,,,,,,,,,,Sunset Tool,2020-01-15,asset only,trim die - the shots report covers die-cast dies only
TD0010,TrimDie,,Not in shots report,"59B C/H #1,5 Trim #3",59B,CamHolder,,,,,,,,,,,Sunset Tool,2020-01-15,asset only,trim die - the shots report covers die-cast dies only
TD0011,TrimDie,,Not in shots report,"6MA C/H #1,5 Trim #1",6MA,CamHolder,,,,,,,,,,,Griffin Tool,2021-01-20,asset only,trim die - the shots report covers die-cast dies only
TD0012,TrimDie,,Not in shots report,"6MA C/H #2,3,4 Trim #1",6MA,CamHolder,,,,,,,,,,,Griffin Tool,2021-01-20,asset only,trim die - the shots report covers die-cast dies only
TD0013,TrimDie,,Not in shots report,6FBA Oil Pan Trim #1,6FB,OilPan,,,,,,,,,,,Griffin Tool,2021-02-02,asset only,trim die - the shots report covers die-cast dies only
TD0014,TrimDie,,Not in shots report,6B2 Fuel Pump Trim #2,6B2,FuelPump,,,,,,,,,,,Griffin Tool,2021-06-16,asset only,trim die - the shots report covers die-cast dies only
TD0015,TrimDie,,Not in shots report,6FBA Oil Passage Trim #1,6FB,OilPassage,,,,,,,,,,,Griffin Tool,2021-08-18,asset only,trim die - the shots report covers die-cast dies only
TD0016,TrimDie,,Not in shots report,6FBA Comp. Holder #1 Trim #1,6FB,,,,,,,,,,,,Griffin Tool,2021-08-18,asset only,trim die - the shots report covers die-cast dies only
TD0017,TrimDie,,Not in shots report,6B2 R/S #5 Trim #2,6B2,RockerShaft,,,,,,,,,,,,2021-09-08,asset only,trim die - the shots report covers die-cast dies only
TD0018,TrimDie,,Not in shots report,6NA Fuel Pump Trim #1,6NA,FuelPump,,,,,,,,,,,Pederson Tool,2021-09-08,asset only,trim die - the shots report covers die-cast dies only
TD0019,TrimDie,,Not in shots report,6MA Oil Pan Trim #1,6MA,OilPan,,,,,,,,,,,Pederson Tool,2021-09-08,asset only,trim die - the shots report covers die-cast dies only
TD0020,TrimDie,,Not in shots report,64AA Oil Pan Trim #2,64A,OilPan,,,,,,,,,,,Griffin Tool,2021-09-22,asset only,trim die - the shots report covers die-cast dies only
TD0021,TrimDie,,Not in shots report,6MA Oil Pan Trim #2,6MA,OilPan,,,,,,,,,,,Pederson Tool,2023-03-10,asset only,trim die - the shots report covers die-cast dies only
TD0022,TrimDie,,Not in shots report,"5GO R/S #1,2,3 Trim #1 (4 CAVITY",5GO,RockerShaft,,,,,,,,,,,Pederson Tool,2022-09-02,asset only,trim die - the shots report covers die-cast dies only
TD0023,TrimDie,,Not in shots report,6MDW MANIFOLD PLATE SINGLE CAV. DESIGN ONLY,6MD,IntakeManifold,,,,,,,,,,,Pederson Tool,2022-09-27,asset only,trim die - the shots report covers die-cast dies only
TD0024,TrimDie,,Not in shots report,6vj/6na trim #2,6NA/6VJ,,,,,,,,,,,,Pederson Tool,2023-11-09,asset only,trim die - the shots report covers die-cast dies only
TD0025,TrimDie,,Not in shots report,HITACHI CASE SINGLE -INTERMEDIATE TRIM A,,IntermediateCase,,,,,,,,,,,Metts,2024-07-23,asset only,trim die - the shots report covers die-cast dies only
TD0026,TrimDie,,Not in shots report,ASTEMO CASE DUAL -INTERMEDIATE TRIM #1,,IntermediateCase,,,,,,,,,,,Metts,2025-08-08,asset only,trim die - the shots report covers die-cast dies only
TD0027,TrimDie,,Not in shots report,6MA Oil Pan Trim Die for 303,6MA,OilPan,,,,,,,,,,,Griffin Tool,2026-02-18,asset only,trim die - the shots report covers die-cast dies only
TD0028,TrimDie,,Not in shots report,66VT Fuel Pump Trim Die,66V,FuelPump,,,,,,,,,,,Griffin Tool,2026-02-16,asset only,trim die - the shots report covers die-cast dies only
,DieMold,B,Backup,CIVIC RNA WATER PUMP -- die 7,RNA,WaterPump,7,Aisin,1,472-090,472-090 CIVIC RNA WATER PUMP,232450,217440,170000,,,,,report only,"NO ASSET NUMBER - customer-owned/consigned, or pre-2019"
,DieMold,C,Current,5K8 Oil Pan -- die C,5K8,OilPan,C,American Honda,1,157-090,157-090 5K8 Oil Pan,132560,118570,135000,,,,,report only,"NO ASSET NUMBER - customer-owned/consigned, or pre-2019"
,DieMold,B,Backup,HEAT SINK (ELESYS) -- die II/JJ,,HeatSink,II/JJ,Elesys,1,545-090,545-090 HEAT SINK (ELESYS),161044,149637,150000,,,,,report only,"NO ASSET NUMBER - customer-owned/consigned, or pre-2019"
,DieMold,C,Current,HEAT SINK (ELESYS) -- die UU/VV,,HeatSink,UU/VV,Elesys,1,545-090,545-090 HEAT SINK (ELESYS),97756,87569,150000,,,,,report only,"NO ASSET NUMBER - customer-owned/consigned, or pre-2019"
,DieMold,C,Current,B Adaptor DC -- die 1,,Adaptor,1,EMP,1,150-090,150-090 B Adaptor DC,129895,24216,150000,,,,,report only,"NO ASSET NUMBER - customer-owned/consigned, or pre-2019"
,DieMold,C,Current,C Adaptor DC -- die 1,,Adaptor,1,EMP,1,151-090,151-090 C Adaptor DC,159435,78477,150000,,,,,report only,"NO ASSET NUMBER - customer-owned/consigned, or pre-2019"
,DieMold,B,Backup,5MH Oil Pan DC -- die A,5MH,OilPan,A,FPI,1,450-090,450-090 5MH Oil Pan DC,112426,102769,100000,,,,,report only,"NO ASSET NUMBER - customer-owned/consigned, or pre-2019"
,DieMold,C,Current,5MH Oil Pan DC -- die B,5MH,OilPan,B,FPI,1,450-090,450-090 5MH Oil Pan DC,126752,118066,135000,,,,,report only,"NO ASSET NUMBER - customer-owned/consigned, or pre-2019"
,DieMold,C,Current,5J6-A000 Oil Pan -- die C,5J6,OilPan,C,Honda,1,156-090,156-090 5J6-A000 Oil Pan,12839,11192,135000,,,,,report only,"NO ASSET NUMBER - customer-owned/consigned, or pre-2019"
,DieMold,C,Current,5LA Oil Pan -- die D,5LA,OilPan,D,Honda,1,510-090,510-090 5LA Oil Pan,222392,200655,135000,YES,,,,report only,"NO ASSET NUMBER - customer-owned/consigned, or pre-2019"
,DieMold,B,Backup,5LA Oil Pan -- die H,5LA,OilPan,H,Honda,1,510-090,510-090 5LA Oil Pan,212540,186382,135000,,,,,report only,"NO ASSET NUMBER - customer-owned/consigned, or pre-2019"
,DieMold,B,Backup,6B2 BASE COMP FUEL PUMP (DC) -- die B,6B2,FuelPump,B,Honda,1,631-090,631-090 6B2 BASE COMP FUEL PUMP (DC),265923,242042,150000,,,,,report only,"NO ASSET NUMBER - customer-owned/consigned, or pre-2019"
,DieMold,B,Backup,RPY Fuel Pump -- die B,RPY,FuelPump,B,Honda,1,153-090,153-090 RPY Fuel Pump,135778,126903,150000,,,,,report only,"NO ASSET NUMBER - customer-owned/consigned, or pre-2019"
,DieMold,C,Current,RPY Fuel Pump -- die C,RPY,FuelPump,C,Honda,1,153-090,153-090 RPY Fuel Pump,101635,94742,150000,,,,,report only,"NO ASSET NUMBER - customer-owned/consigned, or pre-2019"
,DieMold,B,Backup,RPY Holder Comp No 1 Exh Cam Lwr -- die D,RPY,CamHolder,D,Honda,4,"131-090,132-090,133-090,134-090",131-090 RPY Holder Comp No 1 Exh Cam Lwr; 132-090 RPY Holder Comp No 2 Exh Cam Lwr; 133-090 RPY Holder Comp No 3 Exh Cam Lwr; 134-090 RPY Holder Comp No 4 Exh Cam Lwr,184098,172760,150000,,,,,report only,"NO ASSET NUMBER - customer-owned/consigned, or pre-2019"
,DieMold,W,Waiting for Approval,RPY Holder Comp No 1 Rkr Shaft -- die I,RPY,RockerShaft,I,Honda,1,135-090,135-090 RPY Holder Comp No 1 Rkr Shaft,188272,181091,0,YES,,,,report only,"NO ASSET NUMBER - customer-owned/consigned, or pre-2019"
,DieMold,W,Waiting for Approval,RPY Holder Comp No 2 Rkr Shaft -- die I,RPY,RockerShaft,I,Honda,3,"136-090,137-090,138-090",136-090 RPY Holder Comp No 2 Rkr Shaft; 137-090 RPY Holder Comp No 3 Rkr Shaft; 138-090 RPY Holder Comp No 4 Rkr Shaft,199013,189457,0,YES,,,,report only,"NO ASSET NUMBER - customer-owned/consigned, or pre-2019"
,DieMold,C,Current,RPY Holder Comp No 5 Rkr Shaft -- die B,RPY,RockerShaft,B,Honda,1,139-090,139-090 RPY Holder Comp No 5 Rkr Shaft,290149,260134,150000,YES,,,,report only,"NO ASSET NUMBER - customer-owned/consigned, or pre-2019"
,DieMold,W,Waiting for Approval,RPY Holder Comp No 5 Rkr Shaft -- die C,RPY,RockerShaft,C,Honda,1,139-090,139-090 RPY Holder Comp No 5 Rkr Shaft,10089,9184,0,YES,,,,report only,"NO ASSET NUMBER - customer-owned/consigned, or pre-2019"
,DieMold,B,Backup,5A2 Fuel Pump -- die S,5A2,FuelPump,S,Honda Anna Eng Plnt,1,567-090,567-090 5A2 Fuel Pump,212644,199361,150000,,,,,report only,"NO ASSET NUMBER - customer-owned/consigned, or pre-2019"
,DieMold,C,Current,5A2 Fuel Pump -- die T,5A2,FuelPump,T,Honda Anna Eng Plnt,1,567-090,567-090 5A2 Fuel Pump,171684,156552,150000,YES,,,,report only,"NO ASSET NUMBER - customer-owned/consigned, or pre-2019"
,DieMold,B,Backup,5A2 HOLDER COMP NO 1-2 EX CAM -- die D,5A2,CamHolder,D,Honda Anna Eng Plnt,1,588-090,588-090 5A2 HOLDER COMP NO 1-2 EX CAM,164931,154587,150000,,,,,report only,"NO ASSET NUMBER - customer-owned/consigned, or pre-2019"
,DieMold,B,Backup,5A2 HOLDER COMP NO 1 IN CAM DC -- die D,5A2,CamHolder,D,Honda Anna Eng Plnt,2,"583-090,589-090",583-090 5A2 HOLDER COMP NO 1 IN CAM DC; 589-090 5A2 HOLDER COMP NO 3 EX CAM DC,230349,213816,200000,,,,,report only,"NO ASSET NUMBER - customer-owned/consigned, or pre-2019"
,DieMold,C,Current,5A2 HOLDER COMP NO 4 EX CAM DC -- die E,5A2,CamHolder,E,Honda Anna Eng Plnt,2,"590-090,591-090",590-090 5A2 HOLDER COMP NO 4 EX CAM DC; 591-090 5A2 HOLDER COMP NO 5 EX CAM DC,114394,107324,200000,,,,,report only,"NO ASSET NUMBER - customer-owned/consigned, or pre-2019"
,DieMold,C,Current,5A2 HOLDER COMP NO 1-2 EX CAM -- die E,5A2,CamHolder,E,Honda Anna Eng Plnt,1,588-090,588-090 5A2 HOLDER COMP NO 1-2 EX CAM,155177,146269,150000,,,,,report only,"NO ASSET NUMBER - customer-owned/consigned, or pre-2019"
,DieMold,C,Current,5A2 HOLDER COMP NO 1 IN CAM DC -- die E,5A2,CamHolder,E,Honda Anna Eng Plnt,2,"583-090,589-090",583-090 5A2 HOLDER COMP NO 1 IN CAM DC; 589-090 5A2 HOLDER COMP NO 3 EX CAM DC,236927,219748,200000,YES,,,,report only,"NO ASSET NUMBER - customer-owned/consigned, or pre-2019"
,DieMold,C,Current,5A2 HOLDER COMP NO 2 IN CAM DC -- die G,5A2,CamHolder,G,Honda Anna Eng Plnt,4,"584-090,585-090,586-090,587-090",584-090 5A2 HOLDER COMP NO 2 IN CAM DC; 585-090 5A2 HOLDER COMP NO 3 IN CAM DC; 586-090 5A2 HOLDER COMP NO 4 IN CAM DC; 587-090 5A2 HOLDER COMP NO 5 IN CAM DC,256905,245895,200000,YES,,,,report only,"NO ASSET NUMBER - customer-owned/consigned, or pre-2019"
,DieMold,C,Current,5A2 HOLDER COMP NO 6 EX CAM DC -- die C,5A2,CamHolder,C,Honda Anna Eng Plnt,1,592-090,592-090 5A2 HOLDER COMP NO 6 EX CAM DC,19663,18462,200000,,,,,report only,"NO ASSET NUMBER - customer-owned/consigned, or pre-2019"
,DieMold,C,Current,5A2 R/S #5  DC -- die R,5A2,RockerShaft,R,Honda Anna Eng Plnt,1,597-090,597-090 5A2 R/S #5  DC,91249,84357,150000,,,,,report only,"NO ASSET NUMBER - customer-owned/consigned, or pre-2019"
,DieMold,C,Current,5A2 R/S #1    DC -- die R,5A2,RockerShaft,R,Honda Anna Eng Plnt,1,593-090,593-090 5A2 R/S #1    DC,108080,104813,150000,,,,,report only,"NO ASSET NUMBER - customer-owned/consigned, or pre-2019"
,DieMold,B,Backup,5A2 R/S #1    DC -- die S,5A2,RockerShaft,S,Honda Anna Eng Plnt,1,593-090,593-090 5A2 R/S #1    DC,173744,165990,150000,,,,,report only,"NO ASSET NUMBER - customer-owned/consigned, or pre-2019"
,DieMold,B,Backup,5A2 R/S #4    DC -- die I,5A2,RockerShaft,I,Honda Anna Eng Plnt,1,596-090,596-090 5A2 R/S #4    DC,141883,134751,150000,,,,,report only,"NO ASSET NUMBER - customer-owned/consigned, or pre-2019"
,DieMold,B,Backup,5A2 R/S #3    DC -- die I,5A2,RockerShaft,I,Honda Anna Eng Plnt,1,595-090,595-090 5A2 R/S #3    DC,164402,157183,150000,,,,,report only,"NO ASSET NUMBER - customer-owned/consigned, or pre-2019"
,DieMold,B,Backup,5A2 R/S #2    DC -- die I,5A2,RockerShaft,I,Honda Anna Eng Plnt,1,594-090,594-090 5A2 R/S #2    DC,207472,197516,150000,,,,,report only,"NO ASSET NUMBER - customer-owned/consigned, or pre-2019"
,DieMold,C,Current,5A2 R/S #3    DC -- die J,5A2,RockerShaft,J,Honda Anna Eng Plnt,1,595-090,595-090 5A2 R/S #3    DC,138824,129216,150000,,,,,report only,"NO ASSET NUMBER - customer-owned/consigned, or pre-2019"
,DieMold,C,Current,5A2 R/S #2    DC -- die J,5A2,RockerShaft,J,Honda Anna Eng Plnt,1,594-090,594-090 5A2 R/S #2    DC,148696,138591,150000,,,,,report only,"NO ASSET NUMBER - customer-owned/consigned, or pre-2019"
,DieMold,C,Current,5A2 R/S #4    DC -- die J,5A2,RockerShaft,J,Honda Anna Eng Plnt,1,596-090,596-090 5A2 R/S #4    DC,158284,149521,150000,,,,,report only,"NO ASSET NUMBER - customer-owned/consigned, or pre-2019"
,DieMold,B,Backup,5A2 R/S #5  DC -- die Q,5A2,RockerShaft,Q,Honda Anna Eng Plnt,1,597-090,597-090 5A2 R/S #5  DC,254943,231133,150000,,,,,report only,"NO ASSET NUMBER - customer-owned/consigned, or pre-2019"
,DieMold,C,Current,6AT (RT4) Cooler RTN -- die 7A/7B,,,7A/7B,Honda Anna Eng Plnt,1,569-090,569-090 6AT (RT4) Cooler RTN,118911,113412,175000,,,,,report only,"NO ASSET NUMBER - customer-owned/consigned, or pre-2019"
,DieMold,C,Current,6AT (RV2) CAP A L SIDE -- die 6A/6B,,,6A/6B,Honda Anna Eng Plnt,1,566-090,566-090 6AT (RV2) CAP A L SIDE,144031,137777,175000,,,,,report only,"NO ASSET NUMBER - customer-owned/consigned, or pre-2019"
,DieMold,C,Current,"6FB Holder Comp, No 1 Cam R -- die A & B",6FB,CamHolder,A & B,Honda Anna Eng Plnt,1,644-090,"644-090 6FB Holder Comp, No 1 Cam R",278147,266640,100000,YES,,,,report only,"NO ASSET NUMBER - customer-owned/consigned, or pre-2019"
,DieMold,W,Waiting for Approval,6MA Oil Pan (69F Finished) -- die F,6MA,OilPan,F,Honda Anna Eng Plnt,1,664-090,664-090 6MA Oil Pan (69F Finished),643,335,0,YES,,,,report only,"NO ASSET NUMBER - customer-owned/consigned, or pre-2019"
,DieMold,B,Backup,Housing Half Shaft Support -- die K/L,,HalfShaftSupport,K/L,Honda Anna Eng Plnt,1,540-090,540-090 Housing Half Shaft Support,166748,160685,150000,,,,,report only,"NO ASSET NUMBER - customer-owned/consigned, or pre-2019"
,DieMold,C,Current,Housing Half Shaft Support -- die M/N,,HalfShaftSupport,M/N,Honda Anna Eng Plnt,1,540-090,540-090 Housing Half Shaft Support,343018,331108,150000,YES,,,,report only,"NO ASSET NUMBER - customer-owned/consigned, or pre-2019"
,DieMold,B,Backup,P8A Oil Pan DC -- die M,P8A,OilPan,M,Honda Anna Eng Plnt,1,118-090,118-090 P8A Oil Pan DC,19505,17120,125000,,,,,report only,"NO ASSET NUMBER - customer-owned/consigned, or pre-2019"
,DieMold,B,Backup,PGE Oil Pan DC -- die E,PGE,OilPan,E,Honda Anna Eng Plnt,1,111-090,111-090 PGE Oil Pan DC,159798,147492,125000,,,,,report only,"NO ASSET NUMBER - customer-owned/consigned, or pre-2019"
,DieMold,C,Current,R1A OIL PAN                 DC -- die E,R1A,OilPan,E,Honda Anna Eng Plnt,1,560-090,560-090 R1A OIL PAN                 DC,50961,46810,135000,,,,,report only,"NO ASSET NUMBER - customer-owned/consigned, or pre-2019"
,DieMold,C,Current,R5A (CRV) OIL PAN -- die H,R5A,OilPan,H,Honda Anna Eng Plnt,1,561-090,561-090 R5A (CRV) OIL PAN,74907,69419,135000,,,,,report only,"NO ASSET NUMBER - customer-owned/consigned, or pre-2019"
,DieMold,B,Backup,R70 Thermo Cover -- die Q/R,R70,ThermoCover,Q/R,Honda Anna Eng Plnt,1,518-090,518-090 R70 Thermo Cover,244974,226652,150000,,,,,report only,"NO ASSET NUMBER - customer-owned/consigned, or pre-2019"
,DieMold,B,Backup,RDJ Oil Pan DC -- die I,RDJ,OilPan,I,Honda Anna Eng Plnt,1,423-090,423-090 RDJ Oil Pan DC,199009,188715,125000,,,,,report only,"NO ASSET NUMBER - customer-owned/consigned, or pre-2019"
,DieMold,B,Backup,RNA Oil Pan -- die M,RNA,OilPan,M,Honda Anna Eng Plnt,1,470-090,470-090 RNA Oil Pan,188279,172215,125000,,,,,report only,"NO ASSET NUMBER - customer-owned/consigned, or pre-2019"
,DieMold,B,Backup,RNO (RNOX) OIL PAN          DC -- die P,RNO,OilPan,P,Honda Anna Eng Plnt,1,573-090,573-090 RNO (RNOX) OIL PAN          DC,147194,136237,135000,,,,,report only,"NO ASSET NUMBER - customer-owned/consigned, or pre-2019"
,DieMold,C,Current,RXO oil pan -- die A,RXO,OilPan,A,Honda Anna Eng Plnt,1,559-090,559-090 RXO oil pan,109116,101150,135000,,,,,report only,"NO ASSET NUMBER - customer-owned/consigned, or pre-2019"
,DieMold,B,Backup,SZAX BASE SUPPORT HALF SHAFT -- die M,SZAX,HalfShaftSupport,M,Honda Anna Eng Plnt,1,574-090,574-090 SZAX BASE SUPPORT HALF SHAFT,154310,147874,125000,,,,,report only,"NO ASSET NUMBER - customer-owned/consigned, or pre-2019"
,DieMold,C,Current,SZAX BASE SUPPORT HALF SHAFT -- die N,SZAX,HalfShaftSupport,N,Honda Anna Eng Plnt,1,574-090,574-090 SZAX BASE SUPPORT HALF SHAFT,320406,303285,125000,YES,,,,report only,"NO ASSET NUMBER - customer-owned/consigned, or pre-2019"
