Id,BomID,BomForMaterial,ParentCompId,ComponentMaterialId,ComponentMaterial,ComponentClass,Quantity,UnitOfMeasure
76,3,14660-5G0 -A000,NULL,56,12231-5G0,5G0 Components,1.000000,NULL
77,3,14660-5G0 -A000,NULL,57,12232-5G0,5G0 Components,2.000000,NULL
78,3,14660-5G0 -A000,NULL,58,12233-5G0,5G0 Components,1.000000,NULL
79,3,14660-5G0 -A000,NULL,70,P146205G0 A000,5G0 Components,3.000000,NULL
80,3,14660-5G0 -A000,NULL,71,P146245G0 A000,5G0 Components,3.000000,NULL
81,3,14660-5G0 -A000,NULL,72,P146275G0 A000,5G0 Components,3.000000,NULL
82,3,14660-5G0 -A000,NULL,73,146335G0 A000  ,5G0 Components,1.000000,NULL
83,3,14660-5G0 -A000,NULL,74,146345G0 A000  ,5G0 Components,1.000000,NULL
84,3,14660-5G0 -A000,NULL,64,P90002-5G0-A000,5G0 Components,10.000000,NULL
85,3,14660-5G0 -A000,NULL,65,90701-5G0 -A000,5G0 Components,7.000000,NULL
199,3,14660-5G0 -A000,NULL,16,14660-5G0 -A000,5G0 Finished Goods,1.000000,NULL
63,43,14650-5G0 -A000,NULL,56,12231-5G0,5G0 Components,1.000000,NULL
64,43,14650-5G0 -A000,NULL,57,12232-5G0,5G0 Components,2.000000,NULL
65,43,14650-5G0 -A000,NULL,58,12233-5G0,5G0 Components,1.000000,NULL
66,43,14650-5G0 -A000,NULL,59,P146405G0 A000,5G0 Components,3.000000,NULL
67,43,14650-5G0 -A000,NULL,60,P146125G0 A000,5G0 Components,3.000000,NULL
68,43,14650-5G0 -A000,NULL,61,P146145G0 A000,5G0 Components,3.000000,NULL
69,43,14650-5G0 -A000,NULL,63,146325G0 A000   ,5G0 Components,1.000000,NULL
70,43,14650-5G0 -A000,NULL,64,P90002-5G0-A000,5G0 Components,10.000000,NULL
71,43,14650-5G0 -A000,NULL,65,90701-5G0 -A000,5G0 Components,7.000000,NULL
72,43,14650-5G0 -A000,NULL,66,90004PE2 0050  ,5G0 Components,1.000000,NULL
73,43,14650-5G0 -A000,NULL,67,P146455G0 A000,5G0 Components,3.000000,NULL
74,43,14650-5G0 -A000,NULL,68,14646R70 A000  ,5G0 Components,6.000000,NULL
75,43,14650-5G0 -A000,NULL,62,146315G0 A000   ,5G0 Components,1.000000,NULL
198,43,14650-5G0 -A000,NULL,69,14650-5G0 -A000,5G0 Finished Goods,1.000000,NULL
86,44,1226A-5A2 -A000,NULL,82,12231-5A2,5A2 Components,1.000000,NULL
87,44,1226A-5A2 -A000,NULL,83,12232-5A2,5A2 Components,1.000000,NULL
88,44,1226A-5A2 -A000,NULL,84,12233-5A2,5A2 Components,1.000000,NULL
89,44,1226A-5A2 -A000,NULL,85,12234-5A2,5A2 Components,1.000000,NULL
90,44,1226A-5A2 -A000,NULL,86,12235-5A2,5A2 Components,1.000000,NULL
91,44,1226A-5A2 -A000,NULL,87,12241-5A2,5A2 Components,1.000000,NULL
92,44,1226A-5A2 -A000,NULL,88,12243-5A2,5A2 Components,1.000000,NULL
93,44,1226A-5A2 -A000,NULL,89,12244-5A2,5A2 Components,1.000000,NULL
94,44,1226A-5A2 -A000,NULL,90,12245-5A2,5A2 Components,1.000000,NULL
95,44,1226A-5A2 -A000,NULL,91,12246-5A2,5A2 Components,1.000000,NULL
96,44,1226A-5A2 -A000,NULL,77,12261-5A2,5A2 Components,1.000000,NULL
97,44,1226A-5A2 -A000,NULL,78,12262-5A2,5A2 Components,1.000000,NULL
98,44,1226A-5A2 -A000,NULL,79,12263-5A2,5A2 Components,1.000000,NULL
99,44,1226A-5A2 -A000,NULL,75,1226A-5A2 -A000,5A2 Finished Goods,1.000000,NULL
100,44,1226A-5A2 -A000,NULL,81,12265-5A2,5A2 Components,1.000000,NULL
101,44,1226A-5A2 -A000,NULL,92,90701-5A2-A000,5A2 Components,31.000000,NULL
102,44,1226A-5A2 -A000,NULL,93,90702-5A2-A000,5A2 Components,1.000000,NULL
103,44,1226A-5A2 -A000,NULL,94,96211-08000,5A2 Components,2.000000,NULL
196,44,1226A-5A2 -A000,NULL,80,12264-5A2,5A2 Components,1.000000,NULL
105,46,1226B-5B0 -Y000,NULL,82,12231-5A2,5A2 Components,1.000000
106,46,1226B-5B0 -Y000,NULL,83,12232-5A2,5A2 Components,1.000000
107,46,1226B-5B0 -Y000,NULL,84,12233-5A2,5A2 Components,1.000000
108,46,1226B-5B0 -Y000,NULL,85,12234-5A2,5A2 Components,1.000000
109,46,1226B-5B0 -Y000,NULL,86,12235-5A2,5A2 Components,1.000000
110,46,1226B-5B0 -Y000,NULL,87,12241-5A2,5A2 Components,1.000000
111,46,1226B-5B0 -Y000,NULL,88,12243-5A2,5A2 Components,1.000000
112,46,1226B-5B0 -Y000,NULL,89,12244-5A2,5A2 Components,1.000000
113,46,1226B-5B0 -Y000,NULL,90,12245-5A2,5A2 Components,1.000000
115,46,1226B-5B0 -Y000,NULL,77,12261-5A2,5A2 Components,1.000000
116,46,1226B-5B0 -Y000,NULL,78,12262-5A2,5A2 Components,1.000000
117,46,1226B-5B0 -Y000,NULL,79,12263-5A2,5A2 Components,1.000000
118,46,1226B-5B0 -Y000,NULL,95,12265-5B0,5A2 Components,1.000000
119,46,1226B-5B0 -Y000,NULL,99,1226B-5B0 -Y000,5A2 Finished Goods,1.000000
120,46,1226B-5B0 -Y000,NULL,92,90701-5A2-A000,5A2 Components,29.000000
121,46,1226B-5B0 -Y000,NULL,93,90702-5A2-A000,5A2 Components,1.000000
122,46,1226B-5B0 -Y000,NULL,94,96211-08000,5A2 Components,2.000000
195,46,1226B-5B0 -Y000,NULL,80,12264-5A2,5A2 Components,1.000000,NULL
123,47,12261-5A2,NULL,77,12261-5A2,5A2 Components,1.000000,NULL
124,48,12262-5A2,NULL,78,12262-5A2,5A2 Components,1.000000,NULL
125,49,12263-5A2,NULL,79,12263-5A2,5A2 Components,1.000000,NULL
126,50,12264-5A2,NULL,80,12264-5A2,5A2 Components,1.000000,NULL
128,52,12246-5A2,NULL,91,12246-5A2,5A2 Components,1.000000,NULL
129,53,12231-5A2,NULL,82,12231-5A2,5A2 Components,1.000000,NULL
130,54,12243-5A2,NULL,88,12243-5A2,5A2 Components,1.000000,NULL
131,55,12232-5A2,NULL,83,12232-5A2,5A2 Components,1.000000,NULL
132,56,12233-5A2,NULL,84,12233-5A2,5A2 Components,1.000000,NULL
133,57,12234-5A2,NULL,85,12234-5A2,5A2 Components,1.000000,NULL
134,58,12235-5A2,NULL,86,12235-5A2,5A2 Components,1.000000,NULL
135,59,12244-5A2,NULL,89,12244-5A2,5A2 Components,1.000000,NULL
136,60,12245-5A2,NULL,90,12245-5A2,5A2 Components,1.000000,NULL
137,61,12241-5A2,NULL,87,12241-5A2,5A2 Components,1.000000,NULL
192,65,12270-5A2 -A0101,NULL,104,12270-5A2,5A2 Components,1.000000
193,65,12270-5A2 -A0101,NULL,98,92900-06012-0B,5A2 Components,1.000000,NULL
194,65,12270-5A2 -A0101,NULL,97,94301-10120,5A2 Components,2.000000
197,66,12265-5A2,NULL,81,12265-5A2,5A2 Components,1.000000,NULL
200,67,12231-5G0,NULL,56,12231-5G0,5G0 Components,1.000000,NULL
201,68,12232-5G0,NULL,57,12232-5G0,5G0 Components,1.000000,NULL
202,69,12233-5G0,NULL,58,12233-5G0,5G0 Components,1.000000,NULL
203,70,12270-5A2,NULL,104,12270-5A2,5A2 Components,1.000000,NULL
409,71,19321-R4H -A000,NULL,207,19321-R4H,Offsite Components,1.000000,NULL
335,72,12236-R1A -A000,NULL,149,11200-5K8,5K8 Components,1.000000,NULL
206,73,12231-RPY -G000,NULL,107,12231-RPY -G000,RPY Components,1.000000,NULL
207,74,12232-RPY -G000,NULL,108,12232-RPY -G000,RPY Components,1.000000,NULL
209,75,12233-RPY -G000,NULL,109,12233-RPY -G000,RPY Components,1.000000,NULL
212,76,12234-RPY -G000,NULL,110,12234-RPY -G000,RPY Components,1.000000,NULL
214,77,12235-RPY -G000,NULL,111,12235-RPY -G000,RPY Components,1.000000,NULL
225,78,12241-RPY -G000,NULL,112,12241-RPY -G000,RPY Components,1.000000,NULL
224,79,12242-RPY -G000,NULL,113,12242-RPY -G000,RPY Components,1.000000,NULL
223,80,12243-RPY -G000,NULL,114,12243-RPY -G000,RPY Components,1.000000,NULL
222,81,12244-RPY -G000,NULL,115,12244-RPY -G000,RPY Components,1.000000,NULL
221,82,12245-RPY -G000,NULL,116,12245-RPY -G000,RPY Components,1.000000,NULL
220,83,12246-RPY -G000,NULL,117,12246-RPY -G000,RPY Components,1.000000,NULL
219,84,12261-RPY -G000,NULL,118,12261-RPY -G000,RPY Components,1.000000,NULL
218,85,12262-RPY -G000,NULL,119,12262-RPY -G000,RPY Components,1.000000,NULL
217,86,12263-RPY -G000,NULL,120,12263-RPY -G000,RPY Components,1.000000,NULL
226,87,12264-RPY -G000,NULL,121,12264-RPY -G000,RPY Components,1.000000,NULL
205,88,12265-RPY -G000,NULL,122,12265-RPY -G000,RPY Components,1.000000,NULL
213,89,12271-RPY -G000,NULL,123,12271-RPY -G000,RPY Components,1.000000,NULL
211,90,12272-RPY -G000,NULL,124,12272-RPY -G000,RPY Components,1.000000,NULL
210,91,12273-RPY -G000,NULL,125,12273-RPY -G000,RPY Components,1.000000,NULL
208,92,12274-RPY -G000,NULL,126,12274-RPY -G000,RPY Components,1.000000,NULL
204,93,1223A-RPY -G000,NULL,122,12265-RPY -G000,RPY Components,1.000000,NULL
229,93,1223A-RPY -G000,NULL,107,12231-RPY -G000,RPY Components,1.000000,NULL
230,93,1223A-RPY -G000,NULL,108,12232-RPY -G000,RPY Components,1.000000,NULL
231,93,1223A-RPY -G000,NULL,109,12233-RPY -G000,RPY Components,1.000000,NULL
232,93,1223A-RPY -G000,NULL,110,12234-RPY -G000,RPY Components,1.000000,NULL
233,93,1223A-RPY -G000,NULL,111,12235-RPY -G000,RPY Components,1.000000,NULL
234,93,1223A-RPY -G000,NULL,112,12241-RPY -G000,RPY Components,1.000000,NULL
235,93,1223A-RPY -G000,NULL,113,12242-RPY -G000,RPY Components,1.000000,NULL
236,93,1223A-RPY -G000,NULL,114,12243-RPY -G000,RPY Components,1.000000,NULL
237,93,1223A-RPY -G000,NULL,115,12244-RPY -G000,RPY Components,1.000000,NULL
238,93,1223A-RPY -G000,NULL,116,12245-RPY -G000,RPY Components,1.000000,NULL
239,93,1223A-RPY -G000,NULL,117,12246-RPY -G000,RPY Components,1.000000,NULL
240,93,1223A-RPY -G000,NULL,118,12261-RPY -G000,RPY Components,1.000000,NULL
241,93,1223A-RPY -G000,NULL,119,12262-RPY -G000,RPY Components,1.000000,NULL
242,93,1223A-RPY -G000,NULL,120,12263-RPY -G000,RPY Components,1.000000,NULL
243,93,1223A-RPY -G000,NULL,121,12264-RPY -G000,RPY Components,1.000000,NULL
244,93,1223A-RPY -G000,NULL,123,12271-RPY -G000,RPY Components,1.000000,NULL
245,93,1223A-RPY -G000,NULL,124,12272-RPY -G000,RPY Components,1.000000,NULL
246,93,1223A-RPY -G000,NULL,125,12273-RPY -G000,RPY Components,1.000000,NULL
247,93,1223A-RPY -G000,NULL,126,12274-RPY -G000,RPY Components,1.000000,NULL
248,93,1223A-RPY -G000,NULL,127,1223A-RPY -G000,RPY Finished Goods,1.000000,NULL
249,93,1223A-RPY -G000,NULL,92,90701-5A2-A000,5A2 Components,28.000000
250,93,1223A-RPY -G000,NULL,136,96211-09000,RPY Components,1.000000,NULL
227,94,12270-RPY,NULL,128,12270-RPY,RPY Components,1.000000,NULL
215,95,12265-5BA -A000,NULL,129,12265-5BA -A000,RPY Components,1.000000,NULL
253,96,1223A-5BA -A000,NULL,107,12231-RPY -G000,RPY Components,1.000000,NULL
254,96,1223A-5BA -A000,NULL,108,12232-RPY -G000,RPY Components,1.000000,NULL
255,96,1223A-5BA -A000,NULL,109,12233-RPY -G000,RPY Components,1.000000,NULL
256,96,1223A-5BA -A000,NULL,110,12234-RPY -G000,RPY Components,1.000000,NULL
257,96,1223A-5BA -A000,NULL,111,12235-RPY -G000,RPY Components,1.000000,NULL
258,96,1223A-5BA -A000,NULL,112,12241-RPY -G000,RPY Components,1.000000,NULL
259,96,1223A-5BA -A000,NULL,113,12242-RPY -G000,RPY Components,1.000000,NULL
260,96,1223A-5BA -A000,NULL,114,12243-RPY -G000,RPY Components,1.000000,NULL
261,96,1223A-5BA -A000,NULL,115,12244-RPY -G000,RPY Components,1.000000,NULL
262,96,1223A-5BA -A000,NULL,116,12245-RPY -G000,RPY Components,1.000000,NULL
263,96,1223A-5BA -A000,NULL,117,12246-RPY -G000,RPY Components,1.000000,NULL
264,96,1223A-5BA -A000,NULL,118,12261-RPY -G000,RPY Components,1.000000,NULL
265,96,1223A-5BA -A000,NULL,119,12262-RPY -G000,RPY Components,1.000000,NULL
266,96,1223A-5BA -A000,NULL,120,12263-RPY -G000,RPY Components,1.000000
267,96,1223A-5BA -A000,NULL,121,12264-RPY -G000,RPY Components,1.000000,NULL
268,96,1223A-5BA -A000,NULL,129,12265-5BA -A000,RPY Components,1.000000,NULL
269,96,1223A-5BA -A000,NULL,123,12271-RPY -G000,RPY Components,1.000000,NULL
270,96,1223A-5BA -A000,NULL,124,12272-RPY -G000,RPY Components,1.000000,NULL
271,96,1223A-5BA -A000,NULL,125,12273-RPY -G000,RPY Components,1.000000,NULL
272,96,1223A-5BA -A000,NULL,126,12274-RPY -G000,RPY Components,1.000000,NULL
273,96,1223A-5BA -A000,NULL,130,1223A-5BA -A000,RPY Finished Goods,1.000000,NULL
274,96,1223A-5BA -A000,NULL,92,90701-5A2-A000,5A2 Components,28.000000,NULL
275,96,1223A-5BA -A000,NULL,136,96211-09000,RPY Components,1.000000
285,97,12270-5BAA,NULL,131,12270-5BAA,RPY Components,1.000000,NULL
418,99,19315-RNA -A000,NULL,224,19315-RNA RAW,Offsite Components,1.000000,NULL
228,100,12270-RPY -G001,NULL,128,12270-RPY,RPY Components,1.000000,NULL
251,100,12270-RPY -G001,NULL,97,94301-10120,5A2 Components,2.000000,NULL
252,100,12270-RPY -G001,NULL,135,12270-RPY -G001,RPY Finished Goods,1.000000,NULL
419,102,38930-RPY -E010,NULL,225,38930-RPYX,Offsite Components,1.000000,NULL
545,102,38930-RPY -E010,NULL,138,38930-RPY -E010,Offsite Finished Goods,1.000000,NULL
336,103,1941A-RPY -G000,NULL,132,19410-RPY -G000,RPY Components,1.000000,NULL
351,103,1941A-RPY -G000,NULL,180,95701-06016-08,RPY Components,5.000000,NULL
352,103,1941A-RPY -G000,NULL,179,15500-RPY -G010-M4,RPY Components,1.000000,NULL
420,104,46939-TA9 -G000,NULL,226,46939-TA9 ,Offsite Components,1.000000,NULL
276,105,12270-5BA -A000,NULL,131,12270-5BAA,RPY Components,1.000000,NULL
277,105,12270-5BA -A000,NULL,141,12270-5BA -A000,RPY Finished Goods,1.000000,NULL
278,105,12270-5BA -A000,NULL,97,94301-10120,5A2 Components,2.000000,NULL
279,105,12270-5BA -A000,NULL,98,92900-06012-0B,5A2 Components,1.000000,NULL
280,106,12270-59B,NULL,142,12270-59B,59B Components,1.000000,NULL
281,107,12270-59B -0000A,NULL,142,12270-59B,59B Components,1.000000,NULL
282,107,12270-59B -0000A,NULL,143,94301-08100,59B Components,2.000000
283,107,12270-59B -0000A,NULL,145,12270-59B -0000A,59B Finished Goods,1.000000,NULL
284,107,12270-59B -0000A,NULL,144,92900-06014-1B,59B Components,1.000000,NULL
286,108,1120A-5AA -A010,NULL,149,11200-5K8,5K8 Components,1.000000,NULL
287,108,1120A-5AA -A010,NULL,155,11221-59B-0000,5K8 Components,1.000000,NULL
288,108,1120A-5AA -A010,NULL,154,19517-PD6-3000,5K8 Components,1.000000,NULL
289,108,1120A-5AA -A010,NULL,151,94109-14000,5K8 Components,1.000000,NULL
290,108,1120A-5AA -A010,NULL,152,90703-59B-0000,5K8 Components,1.000000,NULL
291,108,1120A-5AA -A010,NULL,153,94301-12160,5K8 Components,1.000000,NULL
303,108,1120A-5AA -A010,NULL,166,90015-PH1-0130,5K8 Components,1.000000,NULL
304,108,1120A-5AA -A010,NULL,150,90009-R70-A000,5K8 Components,1.000000,NULL
305,108,1120A-5AA -A010,NULL,165,91301-RNAA-A001,5K8 Components,3.000000,NULL
334,108,1120A-5AA -A010,NULL,147,1120A-5AA -A010,5K8 Finished Goods,1.000000,NULL
296,110,12270-5BA,NULL,158,12270-5BA,5BA Components,1.000000,NULL
297,111,12270-5BA-A010,NULL,160,12270-5BA-A010,5BA Finished Goods,1.000000,NULL
298,111,12270-5BA-A010,NULL,97,94301-10120,5A2 Components,2.000000
299,111,12270-5BA-A010,NULL,98,92900-06012-0B,5A2 Components,1.000000,NULL
356,112,19311-59B -0000,NULL,185,19311-59B,59B Components,1.000000,NULL
453,113,19320-5AA -A000,NULL,245,19320-5AA,Offsite Components,1.000000,NULL
353,114,19320-59B -0000,NULL,181,19320-59B,59B Components,1.000000,NULL
354,116,19321-5BA -A000,NULL,182,19321-5BA,5BA Components,1.000000,NULL
300,117,11200-5K8,NULL,149,11200-5K8,5K8 Components,1.000000,NULL
301,118,11221-59B-0000,NULL,155,11221-59B-0000,5K8 Components,1.000000,NULL
302,119,19517-PD6-3000,NULL,154,19517-PD6-3000,5K8 Components,1.000000,NULL
390,120,12241-59B-0000,NULL,167,12241-59B-0000,59B Components,1.000000,NULL
392,121,12243-59B-0000,NULL,169,12243-59B-0000,59B Components,1.000000,NULL
393,122,12244-59B-0000,NULL,170,12244-59B-0000,59B Components,1.000000,NULL
394,123,12245-59B-0000,NULL,171,12245-59B-0000,59B Components,1.000000,NULL
328,124,12231-59B-0000,NULL,172,12231-59B-0000,59B Components,1.000000,NULL
329,125,12232-59B-0000,NULL,173,12232-59B-0000,59B Components,1.000000,NULL
331,126,12234-59B-0000,NULL,174,12234-59B-0000,59B Components,1.000000,NULL
332,127,12235-59B-0000,NULL,175,12235-59B-0000,59B Components,1.000000,NULL
330,128,12233-59B-0000,NULL,176,12233-59B-0000,59B Components,1.000000,NULL
306,129,1223A-59B -A0002,NULL,173,12232-59B-0000,59B Components,1.000000
307,129,1223A-59B -A0002,NULL,172,12231-59B-0000,59B Components,1.000000,NULL
308,129,1223A-59B -A0002,NULL,176,12233-59B-0000,59B Components,1.000000,NULL
309,129,1223A-59B -A0002,NULL,174,12234-59B-0000,59B Components,1.000000,NULL
310,129,1223A-59B -A0002,NULL,175,12235-59B-0000,59B Components,1.000000,NULL
311,129,1223A-59B -A0002,NULL,167,12241-59B-0000,59B Components,1.000000,NULL
312,129,1223A-59B -A0002,NULL,168,12242-59B-0000,59B Components,1.000000,NULL
313,129,1223A-59B -A0002,NULL,169,12243-59B-0000,59B Components,1.000000,NULL
314,129,1223A-59B -A0002,NULL,170,12244-59B-0000,59B Components,1.000000,NULL
315,129,1223A-59B -A0002,NULL,171,12245-59B-0000,59B Components,1.000000,NULL
316,129,1223A-59B -A0002,NULL,177,1223A-59B -A0002,59B Finished Goods,1.000000
391,131,12242-59B-0000,NULL,168,12242-59B-0000,59B Components,1.000000,NULL
355,134,19410-59B -0100,NULL,184,19410-59B,59B Components,1.000000,NULL
357,135,12270-5PA -A0001,NULL,186,12270-5PA -A0001,5PA Finished Goods,1.000000,NULL
358,135,12270-5PA -A0001,NULL,144,92900-06014-1B,59B Components,1.000000,NULL
359,135,12270-5PA -A0001,NULL,143,94301-08100,59B Components,1.000000,NULL
361,135,12270-5PA -A0001,NULL,187,12270-5PA,5PA Components,1.000000,NULL
360,136,12270-5PA,NULL,187,12270-5PA,5PA Components,1.000000,NULL
362,137,22533-RJ2 -0000,NULL,189,22533-RJ2,59B Components,1.000000
364,138,1120A-5PA,NULL,190,1120A-5PA,5PA Components,1.000000,NULL
365,139,1120A-5PA -A010,NULL,190,1120A-5PA,5PA Components,1.000000,NULL
366,139,1120A-5PA -A010,NULL,193,1120A-5PA -A010,5PA Finished Goods,1.000000,NULL
367,139,1120A-5PA -A010,NULL,153,94301-12160,5K8 Components,1.000000,NULL
368,139,1120A-5PA -A010,NULL,151,94109-14000,5K8 Components,1.000000,NULL
369,139,1120A-5PA -A010,NULL,154,19517-PD6-3000,5K8 Components,1.000000,NULL
370,139,1120A-5PA -A010,NULL,155,11221-59B-0000,5K8 Components,1.000000,NULL
371,139,1120A-5PA -A010,NULL,166,90015-PH1-0130,5K8 Components,1.000000,NULL
372,139,1120A-5PA -A010,NULL,191,91301-RNA-A020-M2,5PA Components,3.000000,NULL
373,139,1120A-5PA -A010,NULL,150,90009-R70-A000,5K8 Components,1.000000,NULL
374,139,1120A-5PA -A010,NULL,192,15123-PCX-0030-H1,5PA Components,1.000000,NULL
375,140,44512-SZA -A000,NULL,195,44512-SZA,5G0 Components,1.000000,NULL
376,141,1223A-59B -A0002,NULL,172,12231-59B-0000,59B Components,1.000000
377,141,1223A-59B -A0002,NULL,173,12232-59B-0000,59B Components,1.000000
378,141,1223A-59B -A0002,NULL,176,12233-59B-0000,59B Components,1.000000
379,141,1223A-59B -A0002,NULL,174,12234-59B-0000,59B Components,1.000000
380,141,1223A-59B -A0002,NULL,175,12235-59B-0000,59B Components,1.000000
381,141,1223A-59B -A0002,NULL,177,1223A-59B -A0002,59B Finished Goods,1.000000
382,141,1223A-59B -A0002,NULL,167,12241-59B-0000,59B Components,1.000000
383,141,1223A-59B -A0002,NULL,168,12242-59B-0000,59B Components,1.000000
384,141,1223A-59B -A0002,NULL,169,12243-59B-0000,59B Components,1.000000
385,141,1223A-59B -A0002,NULL,170,12244-59B-0000,59B Components,1.000000
386,141,1223A-59B -A0002,NULL,171,12245-59B-0000,59B Components,1.000000
387,141,1223A-59B -A0002,NULL,196,90701-5R0-3000,59B Components,19.000000,NULL
388,141,1223A-59B -A0002,NULL,92,90701-5A2-A000,5A2 Components,1.000000,NULL
389,142,1223A-59B,NULL,197,1223A-59B,59B Components,1.000000,NULL
397,144,22790-5MX -A000,NULL,202,95701-06012-08,Offsite Components,2.000000,NULL
398,144,22790-5MX -A000,NULL,200,91308-PH9-0000,Offsite Components,2.000000,NULL
399,144,22790-5MX -A000,NULL,201,22792-5MX-A000,Offsite Components,1.000000,NULL
400,144,22790-5MX -A000,NULL,199,22790-5MX,Offsite Components,1.000000,NULL
401,145,19321-5BF -G000,NULL,205,19321-5BF,Offsite Components,1.000000,NULL
402,146,19321-R4H -G000,NULL,207,19321-R4H,Offsite Components,1.000000,NULL
403,147,21255-RT4 -0000,NULL,210,21255-RT4,Offsite Components,1.000000,NULL
404,147,21255-RT4 -0000,NULL,211,21259-RT4-3000,Offsite Components,1.000000,NULL
405,148,21230-RV2 -A000,NULL,213,90030-RT4 -0030,Offsite Components,1.000000,NULL
406,148,21230-RV2 -A000,NULL,214,91318-RT4 -0030,Offsite Components,1.000000,NULL
407,148,21230-RV2 -A000,NULL,212,21230-RV2,Offsite Components,1.000000,NULL
408,149,44513-TK8-A002,NULL,216,44513-TK8,Offsite Components,1.000000,NULL
410,153,1120A-5LA -A000,NULL,220,1120A-5LA ,Offsite Components,1.000000,NULL
411,153,1120A-5LA -A000,NULL,221,91303-5A2-A010-M1,Offsite Components,1.000000,NULL
412,153,1120A-5LA -A000,NULL,192,15123-PCX-0030-H1,5PA Components,1.000000,NULL
413,153,1120A-5LA -A000,NULL,150,90009-R70-A000,5K8 Components,1.000000,NULL
414,153,1120A-5LA -A000,NULL,143,94301-08100,59B Components,1.000000,NULL
415,153,1120A-5LA -A000,NULL,166,90015-PH1-0130,5K8 Components,1.000000,NULL
416,153,1120A-5LA -A000,NULL,151,94109-14000,5K8 Components,1.000000,NULL
417,154,MPM30-0000-201,NULL,223,mpm300000201,Offsite Components,1.000000,NULL
421,155,11200-5J6 -A110,NULL,230,94301-08140,Offsite Components,2.000000,NULL
422,155,11200-5J6 -A110,NULL,150,90009-R70-A000,5K8 Components,1.000000,NULL
423,155,11200-5J6 -A110,NULL,151,94109-14000,5K8 Components,1.000000,NULL
619,155,11200-5J6 -A110,NULL,229,11200-5J6 -A110,5J6 Finished Goods,1.000000,NULL
620,155,11200-5J6 -A110,NULL,336,11200-5J6 -A100,5J6 Components,1.000000,NULL
424,156,1120R-5J6 -A010,NULL,230,94301-08140,Offsite Components,2.000000,NULL
425,156,1120R-5J6 -A010,NULL,150,90009-R70-A000,5K8 Components,1.000000,NULL
426,156,1120R-5J6 -A010,NULL,151,94109-14000,5K8 Components,1.000000,NULL
432,156,1120R-5J6 -A010,NULL,231,1120R-5J6 RAW,Offsite Components,1.000000,NULL
427,157,11200-5MH -A000,NULL,230,94301-08140,Offsite Components,2.000000,NULL
428,157,11200-5MH -A000,NULL,150,90009-R70-A000,5K8 Components,1.000000,NULL
429,157,11200-5MH -A000,NULL,151,94109-14000,5K8 Components,1.000000,NULL
431,157,11200-5MH -A000,NULL,233,11200-5MH RAW,Offsite Components,1.000000,NULL
433,158,19321-5A2 -A010,NULL,235,19321-5A2,Offsite Components,1.000000,NULL
434,159,11200-PGE-A00,NULL,230,94301-08140,Offsite Components,2.000000,NULL
435,159,11200-PGE-A00,NULL,150,90009-R70-A000,5K8 Components,1.000000,NULL
436,159,11200-PGE-A00,NULL,151,94109-14000,5K8 Components,1.000000,NULL
444,159,11200-PGE-A00,NULL,241,11200-PGE,Offsite Components,1.000000,NULL
437,160,11200-P8A-A00,NULL,230,94301-08140,Offsite Components,2.000000,NULL
438,160,11200-P8A-A00,NULL,150,90009-R70-A000,5K8 Components,1.000000,NULL
439,160,11200-P8A-A00,NULL,151,94109-14000,5K8 Components,1.000000,NULL
445,160,11200-P8A-A00,NULL,240,11200-P8A ,Offsite Components,1.000000,NULL
440,161,11200-RDJ-A00,NULL,237,11200-RDJ,Offsite Components,1.000000,NULL
441,161,11200-RDJ-A00,NULL,230,94301-08140,Offsite Components,2.000000,NULL
442,161,11200-RDJ-A00,NULL,150,90009-R70-A000,5K8 Components,1.000000,NULL
443,161,11200-RDJ-A00,NULL,151,94109-14000,5K8 Components,1.000000,NULL
446,162,12270-6B2,NULL,243,12270-6B2,6B2 Components,1.000000,NULL
447,163,12270-6B2 -A000B,NULL,243,12270-6B2,6B2 Components,1.000000,NULL
448,163,12270-6B2 -A000B,NULL,242,12270-6B2 -A000B,6B2 Finished Goods,1.000000,NULL
450,163,12270-6B2 -A000B,NULL,98,92900-06012-0B,5A2 Components,1.000000,NULL
451,163,12270-6B2 -A000B,NULL,97,94301-10120,5A2 Components,1.000000
452,163,12270-6B2 -A000B,NULL,244,92900-06050-0B,6B2 Components,1.000000,NULL
454,164,1223A-6B2- A000,NULL,107,12231-RPY -G000,RPY Components,1.000000,NULL
455,164,1223A-6B2- A000,NULL,108,12232-RPY -G000,RPY Components,1.000000,NULL
456,164,1223A-6B2- A000,NULL,109,12233-RPY -G000,RPY Components,1.000000,NULL
457,164,1223A-6B2- A000,NULL,115,12244-RPY -G000,RPY Components,1.000000,NULL
458,164,1223A-6B2- A000,NULL,111,12235-RPY -G000,RPY Components,1.000000,NULL
459,164,1223A-6B2- A000,NULL,110,12234-RPY -G000,RPY Components,1.000000,NULL
460,164,1223A-6B2- A000,NULL,247,1223A-6B2- A000,RPY Finished Goods,1.000000,NULL
461,164,1223A-6B2- A000,NULL,112,12241-RPY -G000,RPY Components,1.000000,NULL
462,164,1223A-6B2- A000,NULL,113,12242-RPY -G000,RPY Components,1.000000,NULL
463,164,1223A-6B2- A000,NULL,114,12243-RPY -G000,RPY Components,1.000000,NULL
464,164,1223A-6B2- A000,NULL,116,12245-RPY -G000,RPY Components,1.000000,NULL
465,164,1223A-6B2- A000,NULL,117,12246-RPY -G000,RPY Components,1.000000,NULL
466,164,1223A-6B2- A000,NULL,118,12261-RPY -G000,RPY Components,1.000000,NULL
467,164,1223A-6B2- A000,NULL,119,12262-RPY -G000,RPY Components,1.000000,NULL
468,164,1223A-6B2- A000,NULL,120,12263-RPY -G000,RPY Components,1.000000,NULL
469,164,1223A-6B2- A000,NULL,121,12264-RPY -G000,RPY Components,1.000000,NULL
471,164,1223A-6B2- A000,NULL,123,12271-RPY -G000,RPY Components,1.000000,NULL
472,164,1223A-6B2- A000,NULL,124,12272-RPY -G000,RPY Components,1.000000,NULL
473,164,1223A-6B2- A000,NULL,125,12273-RPY -G000,RPY Components,1.000000,NULL
474,164,1223A-6B2- A000,NULL,126,12274-RPY -G000,RPY Components,1.000000,NULL
475,164,1223A-6B2- A000,NULL,92,90701-5A2-A000,5A2 Components,28.000000,NULL
478,164,1223A-6B2- A000,NULL,248,12265-6B2 -A000,RPY Components,1.000000,NULL
486,164,1223A-6B2- A000,NULL,136,96211-09000,RPY Components,1.000000,NULL
477,165,12265-6B2 -A000,NULL,248,12265-6B2 -A000,RPY Components,1.000000,NULL
479,166,19410-6A0 -A000,NULL,249,19410-6A0,Offsite Components,1.000000,NULL
480,167,19321-6B2 A010,NULL,251,19321-6B2,Offsite Components,1.000000,NULL
481,168,19321-6B2 -A520,NULL,253,19321-6B2 A510 ,Offsite Components,1.000000,NULL
482,169,19320-6A0 -A010,NULL,257,19320-6A0 A010,Offsite Components,1.000000,NULL
483,170,19320-6A0 -A510,NULL,256,19320-6A0 A510,Offsite Components,1.000000
484,171,12230-P8A -A000,NULL,259,12231-P8A RAW,Offsite Components,1.000000,NULL
485,171,12230-P8A -A000,NULL,260,91301-P8A-A000,Offsite Components,1.000000,NULL
487,172,12235-R1A -A000,NULL,266,12235-R1A,Offsite Components,1.000000,NULL
488,173,12232-R1A -A000,NULL,265,12232-R1A,Offsite Components,1.000000,NULL
489,174,12231-R1A -A000,NULL,264,12231-R1A ,Offsite Components,1.000000,NULL
490,175,48731-5YP -0000,NULL,267,48731-5YP,Offsite Components,1.000000,NULL
491,176,22790-5YK -0000,NULL,270,22790-5YK ,Offsite Components,1.000000,NULL
492,176,22790-5YK -0000,NULL,201,22792-5MX-A000,Offsite Components,1.000000,NULL
493,176,22790-5YK -0000,NULL,200,91308-PH9-0000,Offsite Components,2.000000,NULL
494,176,22790-5YK -0000,NULL,202,95701-06012-08,Offsite Components,2.000000,NULL
495,177,22790-5MX -A010,NULL,271,22790-5YL,Offsite Components,1.000000,NULL
496,177,22790-5MX -A010,NULL,202,95701-06012-08,Offsite Components,2.000000,NULL
497,177,22790-5MX -A010,NULL,201,22792-5MX-A000,Offsite Components,1.000000,NULL
498,177,22790-5MX -A010,NULL,200,91308-PH9-0000,Offsite Components,2.000000,NULL
499,178,1120A-6C2 -A000,NULL,166,90015-PH1-0130,5K8 Components,1.000000,NULL
500,178,1120A-6C2 -A000,NULL,191,91301-RNA-A020-M2,5PA Components,2.000000,NULL
501,178,1120A-6C2 -A000,NULL,275,11200-6C1-A000,6C2/6MA Components,1.000000,NULL
507,178,1120A-6C2 -A000,NULL,273,1120A-6C2 -A000,6C2/6MA Finished Goods,1.000000,NULL
502,179,1120A-6L2 -A010,NULL,276,11200-5WJ-A000,6C2/6MA Components,1.000000,NULL
503,179,1120A-6L2 -A010,NULL,277,11221-5R0-0000,6C2/6MA Components,1.000000,NULL
504,179,1120A-6L2 -A010,NULL,278,11203-PWA-0031,6C2/6MA Components,1.000000,NULL
505,179,1120A-6L2 -A010,NULL,166,90015-PH1-0130,5K8 Components,1.000000,NULL
506,179,1120A-6L2 -A010,NULL,202,95701-06012-08,Offsite Components,6.000000,NULL
508,179,1120A-6L2 -A010,NULL,274,1120A-6L2 -A010,6C2/6MA Finished Goods,1.000000,NULL
509,180,11300-R70 -A000,NULL,280,11300-R70,Offsite Components,1.000000,NULL
510,181,11300-P8A-A00,NULL,283,11300-P8A RAW,Offsite Components,1.000000,NULL
511,182,11300-RCA-A00,NULL,284,11300-RCA RAW,Offsite Components,1.000000,NULL
512,183,12231-59B -0001,NULL,285,12231-59B -0001,59B Finished Goods,1.000000,NULL
513,183,12231-59B -0001,NULL,172,12231-59B-0000,59B Components,1.000000,NULL
514,183,12231-59B -0001,NULL,92,90701-5A2-A000,5A2 Components,2.000000,NULL
515,184,12232-59B -0001,NULL,286,12232-59B -0001,59B Finished Goods,1.000000,NULL
516,184,12232-59B -0001,NULL,173,12232-59B-0000,59B Components,1.000000,NULL
517,184,12232-59B -0001,NULL,196,90701-5R0-3000,59B Components,2.000000,NULL
518,185,12233-59B -0001,NULL,287,12233-59B -0001,59B Finished Goods,1.000000,NULL
519,185,12233-59B -0001,NULL,176,12233-59B-0000,59B Components,1.000000,NULL
520,185,12233-59B -0001,NULL,196,90701-5R0-3000,59B Components,2.000000,NULL
521,186,12234-59B -0001,NULL,288,12234-59B -0001,59B Finished Goods,1.000000,NULL
522,186,12234-59B -0001,NULL,174,12234-59B-0000,59B Components,1.000000,NULL
523,186,12234-59B -0001,NULL,196,90701-5R0-3000,59B Components,2.000000,NULL
524,187,12235-59B -0001,NULL,289,12235-59B -0001,59B Finished Goods,1.000000,NULL
525,187,12235-59B -0001,NULL,175,12235-59B-0000,59B Components,1.000000,NULL
526,187,12235-59B -0001,NULL,196,90701-5R0-3000,59B Components,2.000000,NULL
527,188,12241-59B -0001,NULL,290,12241-59B -0001,59B Finished Goods,1.000000,NULL
528,188,12241-59B -0001,NULL,167,12241-59B-0000,59B Components,1.000000,NULL
529,188,12241-59B -0001,NULL,92,90701-5A2-A000,5A2 Components,2.000000,NULL
530,189,12242-59B -0001,NULL,291,12242-59B -0001,59B Finished Goods,1.000000,NULL
531,189,12242-59B -0001,NULL,168,12242-59B-0000,59B Components,1.000000,NULL
532,189,12242-59B -0001,NULL,196,90701-5R0-3000,59B Components,2.000000,NULL
533,190,12243-59B -0001,NULL,292,12243-59B -0001,59B Finished Goods,1.000000,NULL
534,190,12243-59B -0001,NULL,169,12243-59B-0000,59B Components,1.000000,NULL
535,190,12243-59B -0001,NULL,196,90701-5R0-3000,59B Components,2.000000,NULL
536,191,12244-59B -0001,NULL,293,12244-59B -0001,59B Finished Goods,1.000000,NULL
537,191,12244-59B -0001,NULL,170,12244-59B-0000,59B Components,1.000000,NULL
538,191,12244-59B -0001,NULL,196,90701-5R0-3000,59B Components,2.000000,NULL
539,192,12245-59B -0001,NULL,294,12245-59B -0001,59B Finished Goods,1.000000,NULL
540,192,12245-59B -0001,NULL,171,12245-59B-0000,59B Components,1.000000,NULL
541,192,12245-59B -0001,NULL,196,90701-5R0-3000,59B Components,2.000000,NULL
542,193,38930-RPY,NULL,296,38930-RPY,RPY Components,1.000000,NULL
543,194,38930-RPY -E000 (DO NOT USE),NULL,296,38930-RPY,RPY Components,1.000000,NULL
544,194,38930-RPY -E000 (DO NOT USE),NULL,297,38930-RPY -E000 (DO NOT USE),RPY Finished Goods,1.000000,NULL
546,195,38930-RPYX,NULL,225,38930-RPYX,Offsite Components,1.000000,NULL
547,196,11300-6S9 -A010,NULL,299,11300-6S9A,Offsite Components,1.000000,NULL
548,197,1120A-64A -A000,NULL,304,1120A-64A -A000,64A Finished Goods,1.000000,NULL
549,197,1120A-64A -A000,NULL,301,11221-64AA-A010,64A Components,1.000000,NULL
550,197,1120A-64A -A000,NULL,302,11222-64AA-A001,64A Components,1.000000,NULL
552,197,1120A-64A -A000,NULL,154,19517-PD6-3000,5K8 Components,1.000000,NULL
553,197,1120A-64A -A000,NULL,150,90009-R70-A000,5K8 Components,1.000000,NULL
554,197,1120A-64A -A000,NULL,166,90015-PH1-0130,5K8 Components,1.000000,NULL
556,197,1120A-64A -A000,NULL,151,94109-14000,5K8 Components,1.000000,NULL
557,197,1120A-64A -A000,NULL,153,94301-12160,5K8 Components,1.000000,NULL
558,197,1120A-64A -A000,NULL,303,95701-06020-08,64A Components,5.000000,NULL
559,198,19321-64S -A000,NULL,306,19321-64S -A030,Offsite Components,1.000000,NULL
560,199,11200-64AA,NULL,300,11200-64AA,64A Components,1.000000,NULL
561,200,12231-6MA-0000,NULL,308,12231-6MA-0000,6MA Components,1.000000,NULL
562,201,12232-6MA-0000,NULL,309,12232-6MA-0000,6MA Components,1.000000
563,202,12233-6MA-0000,NULL,310,12233-6MA-0000,6MA Components,1.000000
564,203,12234-6MA-0000,NULL,311,12234-6MA-0000,6MA Components,1.000000
565,204,12235-6MA-0000,NULL,312,12235-6MA-0000,6MA Components,1.000000
566,205,12241-6MA-0000,NULL,313,12241-6MA-0000,6MA Components,1.000000,NULL
567,206,12242-6MA-0000,NULL,314,12242-6MA-0000,6MA Components,1.000000
568,207,12243-6MA-0000,NULL,315,12243-6MA-0000,6MA Components,1.000000
569,208,12244-6MA-0000,NULL,316,12244-6MA-0000,6MA Components,1.000000
570,209,12245-6MA-0000,NULL,317,12245-6MA-0000,6MA Components,1.000000
571,210,12231-6MA -J000,NULL,318,12231-6MA -J000,6MA Finished Goods,1.000000,NULL
572,210,12231-6MA -J000,NULL,308,12231-6MA-0000,6MA Components,1.000000,NULL
573,210,12231-6MA -J000,NULL,196,90701-5R0-3000,59B Components,1.000000,NULL
574,210,12231-6MA -J000,NULL,307,90701-5A2A-A00,6MA Components,1.000000,NULL
575,211,12232-6MA -J000,NULL,319,12232-6MA -J000,6MA Finished Goods,1.000000
576,211,12232-6MA -J000,NULL,309,12232-6MA-0000,6MA Components,1.000000
577,211,12232-6MA -J000,NULL,307,90701-5A2A-A00,6MA Components,1.000000
578,211,12232-6MA -J000,NULL,196,90701-5R0-3000,59B Components,1.000000
579,212,12233-6MA -J000,NULL,320,12233-6MA -J000,6MA Finished Goods,1.000000
580,212,12233-6MA -J000,NULL,310,12233-6MA-0000,6MA Components,1.000000
581,212,12233-6MA -J000,NULL,307,90701-5A2A-A00,6MA Components,1.000000
582,212,12233-6MA -J000,NULL,196,90701-5R0-3000,59B Components,1.000000
583,213,12234-6MA -J000,NULL,321,12234-6MA -J000,6MA Finished Goods,1.000000
584,213,12234-6MA -J000,NULL,311,12234-6MA-0000,6MA Components,1.000000
585,213,12234-6MA -J000,NULL,307,90701-5A2A-A00,6MA Components,1.000000
586,213,12234-6MA -J000,NULL,196,90701-5R0-3000,59B Components,1.000000
587,214,12235-6MA -J000,NULL,322,12235-6MA -J000,6MA Finished Goods,1.000000
588,214,12235-6MA -J000,NULL,312,12235-6MA-0000,6MA Components,1.000000
589,214,12235-6MA -J000,NULL,307,90701-5A2A-A00,6MA Components,1.000000
590,214,12235-6MA -J000,NULL,196,90701-5R0-3000,59B Components,1.000000
591,215,12241-6MA -J000,NULL,323,12241-6MA -J000,6MA Finished Goods,1.000000
592,215,12241-6MA -J000,NULL,313,12241-6MA-0000,6MA Components,1.000000
593,215,12241-6MA -J000,NULL,307,90701-5A2A-A00,6MA Components,1.000000
594,215,12241-6MA -J000,NULL,196,90701-5R0-3000,59B Components,1.000000
595,216,12242-6MA -J000,NULL,324,12242-6MA -J000,6MA Finished Goods,1.000000
596,216,12242-6MA -J000,NULL,314,12242-6MA-0000,6MA Components,1.000000
597,216,12242-6MA -J000,NULL,307,90701-5A2A-A00,6MA Components,1.000000
598,216,12242-6MA -J000,NULL,196,90701-5R0-3000,59B Components,1.000000
599,217,12243-6MA -J000,NULL,325,12243-6MA -J000,6MA Finished Goods,1.000000
600,217,12243-6MA -J000,NULL,315,12243-6MA-0000,6MA Components,1.000000
601,217,12243-6MA -J000,NULL,307,90701-5A2A-A00,6MA Components,1.000000
602,217,12243-6MA -J000,NULL,196,90701-5R0-3000,59B Components,1.000000
603,218,12244-6MA -J000,NULL,326,12244-6MA -J000,6MA Finished Goods,1.000000
604,218,12244-6MA -J000,NULL,316,12244-6MA-0000,6MA Components,1.000000
605,218,12244-6MA -J000,NULL,307,90701-5A2A-A00,6MA Components,1.000000
606,218,12244-6MA -J000,NULL,196,90701-5R0-3000,59B Components,1.000000
607,219,12245-6MA -J000,NULL,327,12245-6MA -J000,6MA Finished Goods,1.000000
608,219,12245-6MA -J000,NULL,317,12245-6MA-0000,6MA Components,1.000000
609,219,12245-6MA -J000,NULL,307,90701-5A2A-A00,6MA Components,1.000000
610,219,12245-6MA -J000,NULL,196,90701-5R0-3000,59B Components,1.000000
612,220,1932A-69F -A000 ,NULL,332,19311-6MAA-J011,Offsite Components,1.000000,NULL
613,220,1932A-69F -A000 ,NULL,331,19320-6MAA-J020,Offsite Components,1.000000,NULL
614,220,1932A-69F -A000 ,NULL,330,19300-6CA-A010-M2,Offsite Components,1.000000,NULL
615,220,1932A-69F -A000 ,NULL,329,19305-5K0-A000,Offsite Components,1.000000,NULL
616,220,1932A-69F -A000 ,NULL,303,95701-06020-08,64A Components,2.000000,NULL
617,221,19321-66V -A000,NULL,335,19321-66VA-A000,Offsite Components,1.000000,NULL
618,222,11200-5J6 -A100,NULL,336,11200-5J6 -A100,5J6 Components,1.000000
628,226,12235-6FBA-A000,NULL,342,12235-6FBA-A000,6FB Components,1.000000,NULL
629,227,12431-6FBA-A000,NULL,343,12431-6FBA-A000,6FB Components,1.000000,NULL
637,229,12235-6FB -A000,NULL,143,94301-08100,59B Components,2.000000,NULL
641,229,12235-6FB -A000,NULL,342,12235-6FBA-A000,6FB Components,1.000000
718,229,12235-6FB -A000,NULL,344,12235-6FB -A000,6FB Finished Goods,1.000000,NULL
639,232,12431-6FB -A000,NULL,143,94301-08100,59B Components,2.000000,NULL
640,232,12431-6FB -A000,NULL,343,12431-6FBA-A000,6FB Components,1.000000,NULL
717,232,12431-6FB -A000,NULL,349,12431-6FB -A000,6FB Finished Goods,1.000000,NULL
668,236,1223A-6MA -J000,NULL,308,12231-6MA-0000,6MA Components,1.000000,NULL
669,236,1223A-6MA -J000,NULL,309,12232-6MA-0000,6MA Components,1.000000,NULL
671,236,1223A-6MA -J000,NULL,310,12233-6MA-0000,6MA Components,1.000000,NULL
672,236,1223A-6MA -J000,NULL,311,12234-6MA-0000,6MA Components,1.000000,NULL
673,236,1223A-6MA -J000,NULL,312,12235-6MA-0000,6MA Components,1.000000,NULL
674,236,1223A-6MA -J000,NULL,355,1223A-6MA -J000,6MA Finished Goods,1.000000,NULL
675,236,1223A-6MA -J000,NULL,313,12241-6MA-0000,6MA Components,1.000000,NULL
676,236,1223A-6MA -J000,NULL,314,12242-6MA-0000,6MA Components,1.000000,NULL
677,236,1223A-6MA -J000,NULL,315,12243-6MA-0000,6MA Components,1.000000,NULL
679,236,1223A-6MA -J000,NULL,316,12244-6MA-0000,6MA Components,1.000000,NULL
680,236,1223A-6MA -J000,NULL,317,12245-6MA-0000,6MA Components,1.000000,NULL
683,239,11200-6FB -A000,NULL,358,11200-6FB -A000,6FB Finished Goods,1.000000
685,239,11200-6FB -A000,NULL,151,94109-14000,5K8 Components,1.000000,NULL
686,239,11200-6FB -A000,NULL,150,90009-R70-A000,5K8 Components,1.000000,NULL
684,240,11200-6FBA,NULL,359,11200-6FBA,6FB Components,1.000000
687,241,12270-6MA -J000,NULL,363,12270-6MA-J000,Offsite Components,1.000000,NULL
688,242,12270-6NA -0001,NULL,364,12270-6NA,59B Components,1.000000,NULL
689,242,12270-6NA -0001,NULL,144,92900-06014-1B,59B Components,1.000000,NULL
690,242,12270-6NA -0001,NULL,143,94301-08100,59B Components,2.000000,NULL
711,242,12270-6NA -0001,NULL,394,12270-6NA -A000,Offsite Finished Goods,1.000000
769,242,12270-6NA -0001,NULL,372,12270-6NAA,5PA Components,1.000000,NULL
691,243,12270-6NA,NULL,372,12270-6NAA,5PA Components,1.000000
789,243,12270-6NA,NULL,414,12270-6NA -0100,59B Finished Goods,1.000000,NULL
700,249,1120A-69F -A000,NULL,371,1120A-69F -A000,6C2/6MA Finished Goods,1.000000,NULL
701,249,1120A-69F -A000,NULL,192,15123-PCX-0030-H1,5PA Components,1.000000,NULL
702,249,1120A-69F -A000,NULL,374,900009-R70-A000,6C2/6MA Components,1.000000
703,249,1120A-69F -A000,NULL,151,94109-14000,5K8 Components,1.000000,NULL
704,249,1120A-69F -A000,NULL,143,94301-08100,59B Components,1.000000,NULL
713,249,1120A-69F -A000,NULL,370,11200-6MAA-J010,6C2/6MA Components,1.000000,NULL
714,249,1120A-69F -A000,NULL,166,90015-PH1-0130,5K8 Components,1.000000,NULL
715,249,1120A-69F -A000,NULL,375,91302-RZP-0000,6C2/6MA Components,1.000000,NULL
706,250,12270-6NAA,NULL,372,12270-6NAA,5PA Components,1.000000,NULL
707,251,12270-6NA -A000 DNU,NULL,372,12270-6NAA,5PA Components,1.000000,NULL
708,251,12270-6NA -A000 DNU,NULL,144,92900-06014-1B,59B Components,1.000000,NULL
710,251,12270-6NA -A000 DNU,NULL,143,94301-08100,59B Components,2.000000,NULL
719,251,12270-6NA -A000 DNU,NULL,373,12270-6NA -A000 DNU,5PA Finished Goods,1.000000,NULL
716,252,11200-6MAA-J010,NULL,370,11200-6MAA-J010,6C2/6MA Components,1.000000,NULL
727,262,12270-6VJ -A000 DNU,NULL,387,12270-6VJ -A000 DNU,5PA Finished Goods,1.000000
736,262,12270-6VJ -A000 DNU,NULL,390,12270-6VJA,5PA Components,1.000000,NULL
737,262,12270-6VJ -A000 DNU,NULL,144,92900-06014-1B,59B Components,1.000000,NULL
738,262,12270-6VJ -A000 DNU,NULL,143,94301-08100,59B Components,2.000000,NULL
735,266,12270-6VJA,NULL,390,12270-6VJA,5PA Components,1.000000
739,267,17145-6MD,NULL,391,17145-6MD,6MD Components,1.000000
742,269,12270-6VJ -A000,NULL,395,12270-6VJ Raw,Offsite Components,6.000000
743,269,12270-6VJ -A000,NULL,143,94301-08100,59B Components,1.000000,NULL
744,269,12270-6VJ -A000,NULL,144,92900-06014-1B,59B Components,1.000000,NULL
745,270,12270-6NA -A000,NULL,143,94301-08100,59B Components,1.000000,NULL
746,270,12270-6NA -A000,NULL,144,92900-06014-1B,59B Components,1.000000,NULL
782,270,12270-6NA -A000,NULL,372,12270-6NAA,5PA Components,6.000000
757,274,1223A-59B -A000,NULL,400,59B IN 1,Offsite Components,1.000000,NULL
758,274,1223A-59B -A000,NULL,401,59B IN 2,Offsite Components,1.000000,NULL
759,274,1223A-59B -A000,NULL,403,59B IN 3,Offsite Components,1.000000,NULL
760,274,1223A-59B -A000,NULL,404,59B IN 4,Offsite Components,1.000000,NULL
762,274,1223A-59B -A000,NULL,405,59B IN 5,Offsite Components,1.000000,NULL
763,274,1223A-59B -A000,NULL,406,59B EX 1,Offsite Components,1.000000,NULL
764,274,1223A-59B -A000,NULL,407,59B EX 2,Offsite Components,1.000000,NULL
765,274,1223A-59B -A000,NULL,408,59B EX 3,Offsite Components,1.000000,NULL
766,274,1223A-59B -A000,NULL,409,59B EX 4,Offsite Components,1.000000,NULL
767,274,1223A-59B -A000,NULL,402,59B EX 5,Offsite Components,1.000000,NULL
779,282,12270-6NA -0100,NULL,372,12270-6NAA,5PA Components,1.000000,NULL
780,282,12270-6NA -0100,NULL,144,92900-06014-1B,59B Components,1.000000,NULL
781,282,12270-6NA -0100,NULL,143,94301-08100,59B Components,2.000000,NULL
790,282,12270-6NA -0100,NULL,414,12270-6NA -0100,59B Finished Goods,1.000000,NULL
791,285,12270-5PA -A000,NULL,417,12270-5PA RAW,Offsite Components,6.000000
792,285,12270-5PA -A000,NULL,144,92900-06014-1B,59B Components,1.000000,NULL
793,285,12270-5PA -A000,NULL,143,94301-08100,59B Components,2.000000,NULL
803,286,12270-66VT-A000,NULL,433,12270-66V Raw,Offsite Components,1.000000
819,286,12270-66VT-A000,NULL,97,94301-10120,5A2 Components,2.000000,NULL
799,287,12270-RPY -G000,NULL,97,94301-10120,5A2 Components,2.000000,NULL
800,287,12270-RPY -G000,NULL,421,12270-RPY -G000,Offsite Finished Goods,1.000000,NULL
795,288,12270-6B2 -A000,NULL,244,92900-06050-0B,6B2 Components,1.000000,NULL
796,288,12270-6B2 -A000,NULL,97,94301-10120,5A2 Components,2.000000,NULL
797,288,12270-6B2 -A000,NULL,419,12270-6B2 -A000,Offsite Finished Goods,1.000000,NULL
798,288,12270-6B2 -A000,NULL,98,92900-06012-0B,5A2 Components,1.000000,NULL
801,295,6620-0079-20201,NULL,425,6620-0079 -2020,Offsite Finished Goods,1.000000,NULL
802,296,12270-66V -A001 ,NULL,432,12270-66V,66V Components,1.000000,NULL
804,298,12270-66V Raw,NULL,432,12270-66V,66V Components,10.000000
805,299,12270-66VA,NULL,434,12270-66VA,6B2 Components,10.000000,NULL
809,303,6620-0079-2020,NULL,440,0079-2020,Astemo Components,1.000000,NULL
808,304,0079-2020,NULL,440,0079-2020,Astemo Components,1.000000,NULL
811,305,6620-0078-9040  ,NULL,442,0078-9040 ,Astemo Components,1.000000,NULL
810,306,0078-9040 ,NULL,442,0078-9040 ,Astemo Components,1.000000
812,307,0079-0060,NULL,443,0079-0060,Astemo Components,1.000000,NULL
813,308,6620-0079-0060,NULL,443,0079-0060,Astemo Components,1.000000,NULL
814,309,0080-5010,NULL,445,0080-5010,Astemo Components,1.000000,NULL
815,310,6620-0080-5010,NULL,445,0080-5010,Astemo Components,1.000000
817,311,0080-6010,NULL,448,6620-0080-6010,Astemo Finished Goods,1.000000,NULL
816,312,6620-0080-6010,NULL,447,0080-6010,Astemo Components,1.000000
818,313,19321-66V -A100,NULL,449,19321-66V -A100,Offsite Finished Goods,1.000000,NULL
